"Date","September-16-2022"
"Time","18h34m59s"
"PAX Card Serial","M00255249"
"PAX Card Name","PAX5710 Polarization Analyzing System"
"PAX Card Next Cal","September-19-2013"
"PAX Sensor Serial","M00255490"
"PAX Sensor Name","PAN5710VIS (400 - 700nm)"
"PAX Sensor Next Cal","September-19-2012"
"Wavelength [m]",6.330000e-07
"Basic Sample Rate [SPS]",6.666670e+01
"Power Range [dBm]","Auto"
"Azimuth Offset [°]",0.000000e+00
"Number of Basic Periods",2
"Signal Averaging",1
"Result Averaging",1
"Sample Time [s]",2.999998e-02
"Number of Measurements",400
"Record Rate",1
"Record Time [s]",1.199999e+01
"Pretrigger Measurements",0
"Pretrigger Time [s]",0.000000e+00
"Trigger Source","Auto"
"Comment","36"
"Time Stamp [s]","Stokes 1","Stokes 2","Stokes 3","Azimuth [°]","Ellipticity [°]","Power Split Ratio","Phase Difference [°]","DOP [%]","Power [dBm]","Power [W]"
0.000000e+00,-5.391782e-01,7.512993e-01,3.805736e-01,6.283276e+01,1.118461e+01,2.304109e-01,2.686467e+01,7.108661e+01,-3.478142e+01,3.325508e-07,
2.999998e-02,-5.399451e-01,7.519583e-01,3.781773e-01,6.284016e+01,1.111041e+01,2.300274e-01,2.669888e+01,7.083066e+01,-3.478023e+01,3.326417e-07,
5.999997e-02,-5.401059e-01,7.517006e-01,3.784598e-01,6.284885e+01,1.111916e+01,2.299470e-01,2.672395e+01,7.110191e+01,-3.478112e+01,3.325738e-07,
8.999995e-02,-5.373178e-01,7.510525e-01,3.836792e-01,6.279034e+01,1.128088e+01,2.313411e-01,2.706046e+01,7.083882e+01,-3.477333e+01,3.331707e-07,
1.199999e-01,-5.354540e-01,7.526055e-01,3.832414e-01,6.271530e+01,1.126730e+01,2.322730e-01,2.698608e+01,7.114973e+01,-3.477593e+01,3.329717e-07,
1.499999e-01,-5.385168e-01,7.520358e-01,3.800548e-01,6.280282e+01,1.116854e+01,2.307416e-01,2.681057e+01,7.108142e+01,-3.478231e+01,3.324823e-07,
1.799999e-01,-5.397168e-01,7.522682e-01,3.778868e-01,6.282882e+01,1.110142e+01,2.301416e-01,2.667174e+01,7.087484e+01,-3.478060e+01,3.326139e-07,
2.099999e-01,-5.387299e-01,7.526031e-01,3.786272e-01,6.279796e+01,1.112434e+01,2.306350e-01,2.670652e+01,7.089866e+01,-3.477730e+01,3.328668e-07,
2.399999e-01,-5.375256e-01,7.510774e-01,3.833392e-01,6.279513e+01,1.127034e+01,2.312372e-01,2.703912e+01,7.090916e+01,-3.477411e+01,3.331108e-07,
2.699999e-01,-5.349983e-01,7.526234e-01,3.838422e-01,6.270346e+01,1.128594e+01,2.325008e-01,2.702184e+01,7.108993e+01,-3.477307e+01,3.331906e-07,
2.999998e-01,-5.395577e-01,7.514070e-01,3.798223e-01,6.284037e+01,1.116134e+01,2.302212e-01,2.681575e+01,7.130413e+01,-3.478217e+01,3.324934e-07,
3.299998e-01,-5.385488e-01,7.527217e-01,3.786492e-01,6.279127e+01,1.112502e+01,2.307256e-01,2.670423e+01,7.082386e+01,-3.477397e+01,3.331216e-07,
3.599998e-01,-5.385220e-01,7.527766e-01,3.785781e-01,6.278960e+01,1.112282e+01,2.307390e-01,2.669823e+01,7.089301e+01,-3.477517e+01,3.330300e-07,
3.899998e-01,-5.384425e-01,7.507840e-01,3.826264e-01,6.282355e+01,1.124823e+01,2.307787e-01,2.700502e+01,7.093031e+01,-3.477482e+01,3.330562e-07,
4.199998e-01,-5.350739e-01,7.526045e-01,3.837739e-01,6.270571e+01,1.128382e+01,2.324631e-01,2.701830e+01,7.106472e+01,-3.477033e+01,3.334012e-07,
4.499998e-01,-5.386645e-01,7.517574e-01,3.803963e-01,6.281156e+01,1.117912e+01,2.306678e-01,2.683984e+01,7.131879e+01,-3.477965e+01,3.326863e-07,
4.799997e-01,-5.396913e-01,7.519171e-01,3.786210e-01,6.283452e+01,1.112415e+01,2.301543e-01,2.672713e+01,7.082880e+01,-3.477696e+01,3.328927e-07,
5.099997e-01,-5.379224e-01,7.532706e-01,3.784481e-01,6.276561e+01,1.111879e+01,2.310388e-01,2.667525e+01,7.082900e+01,-3.477349e+01,3.331585e-07,
5.399997e-01,-5.375550e-01,7.515802e-01,3.823111e-01,6.278680e+01,1.123846e+01,2.312225e-01,2.696136e+01,7.093240e+01,-3.477386e+01,3.331303e-07,
5.699997e-01,-5.345557e-01,7.528508e-01,3.840128e-01,6.268818e+01,1.129123e+01,2.327222e-01,2.702514e+01,7.101119e+01,-3.476938e+01,3.334739e-07,
5.999997e-01,-5.390102e-01,7.513454e-01,3.807206e-01,6.282770e+01,1.118916e+01,2.304949e-01,2.687217e+01,7.116303e+01,-3.478114e+01,3.325719e-07,
6.299997e-01,-5.410533e-01,7.512113e-01,3.780779e-01,6.288149e+01,1.110734e+01,2.294734e-01,2.671570e+01,7.097099e+01,-3.478258e+01,3.324618e-07,
6.599996e-01,-5.383564e-01,7.529587e-01,3.784515e-01,6.278215e+01,1.111890e+01,2.308218e-01,2.668498e+01,7.086418e+01,-3.477668e+01,3.329139e-07,
6.899996e-01,-5.383235e-01,7.509469e-01,3.824742e-01,6.281760e+01,1.124351e+01,2.308383e-01,2.699077e+01,7.089095e+01,-3.477640e+01,3.329352e-07,
7.199996e-01,-5.353560e-01,7.524608e-01,3.836621e-01,6.271542e+01,1.128035e+01,2.323220e-01,2.701597e+01,7.110227e+01,-3.477270e+01,3.332195e-07,
7.499996e-01,-5.385495e-01,7.517589e-01,3.805560e-01,6.280864e+01,1.118406e+01,2.307252e-01,2.684948e+01,7.123170e+01,-3.478171e+01,3.325283e-07,
7.799996e-01,-5.397727e-01,7.521948e-01,3.779529e-01,6.283155e+01,1.110347e+01,2.301136e-01,2.667801e+01,7.101005e+01,-3.477983e+01,3.326728e-07,
8.099996e-01,-5.397113e-01,7.521910e-01,3.780481e-01,6.283008e+01,1.110642e+01,2.301443e-01,2.668392e+01,7.096635e+01,-3.477869e+01,3.327596e-07,
8.399996e-01,-5.375237e-01,7.515896e-01,3.823367e-01,6.278584e+01,1.123925e+01,2.312382e-01,2.696263e+01,7.098019e+01,-3.477584e+01,3.329783e-07,
8.699995e-01,-5.339075e-01,7.532639e-01,3.841047e-01,6.266436e+01,1.129408e+01,2.330463e-01,2.701796e+01,7.097186e+01,-3.477019e+01,3.334117e-07,
8.999995e-01,-5.375174e-01,7.524760e-01,3.805980e-01,6.276971e+01,1.118537e+01,2.312413e-01,2.683002e+01,7.128210e+01,-3.477991e+01,3.326668e-07,
9.299995e-01,-5.402402e-01,7.516238e-01,3.784207e-01,6.285361e+01,1.111795e+01,2.298799e-01,2.672392e+01,7.090453e+01,-3.478076e+01,3.326013e-07,
9.599995e-01,-5.403129e-01,7.518592e-01,3.778488e-01,6.285119e+01,1.110025e+01,2.298435e-01,2.668193e+01,7.096925e+01,-3.477912e+01,3.327272e-07,
9.899995e-01,-5.385120e-01,7.512779e-01,3.815577e-01,6.281638e+01,1.121510e+01,2.307440e-01,2.692503e+01,7.095355e+01,-3.477520e+01,3.330275e-07,
1.019999e+00,-5.348089e-01,7.522637e-01,3.848100e-01,6.270514e+01,1.131597e+01,2.325955e-01,2.709138e+01,7.092332e+01,-3.476594e+01,3.337384e-07,
1.049999e+00,-5.377243e-01,7.517971e-01,3.816460e-01,6.278716e+01,1.121784e+01,2.311378e-01,2.691439e+01,7.123648e+01,-3.477261e+01,3.332264e-07,
1.079999e+00,-5.407490e-01,7.513070e-01,3.783231e-01,6.287212e+01,1.111492e+01,2.296255e-01,2.672769e+01,7.107626e+01,-3.478057e+01,3.326158e-07,
1.109999e+00,-5.386265e-01,7.530378e-01,3.779095e-01,6.278753e+01,1.110213e+01,2.306868e-01,2.664963e+01,7.084306e+01,-3.477354e+01,3.331546e-07,
1.139999e+00,-5.390577e-01,7.513004e-01,3.807420e-01,6.282971e+01,1.118983e+01,2.304711e-01,2.687486e+01,7.097976e+01,-3.477536e+01,3.330152e-07,
1.169999e+00,-5.346139e-01,7.525589e-01,3.845037e-01,6.269489e+01,1.130647e+01,2.326931e-01,2.706378e+01,7.088863e+01,-3.476953e+01,3.334624e-07,
1.199999e+00,-5.363270e-01,7.527482e-01,3.817374e-01,6.273478e+01,1.122067e+01,2.318365e-01,2.689070e+01,7.124004e+01,-3.477710e+01,3.328820e-07,
1.229999e+00,-5.397691e-01,7.517089e-01,3.789234e-01,6.284023e+01,1.113351e+01,2.301154e-01,2.675188e+01,7.093352e+01,-3.478063e+01,3.326112e-07,
1.259999e+00,-5.405262e-01,7.519290e-01,3.774045e-01,6.285529e+01,1.108650e+01,2.297369e-01,2.665276e+01,7.096509e+01,-3.478186e+01,3.325167e-07,
1.289999e+00,-5.376858e-01,7.526198e-01,3.800755e-01,6.277137e+01,1.116918e+01,2.311571e-01,2.679393e+01,7.101205e+01,-3.477760e+01,3.328434e-07,
1.319999e+00,-5.352041e-01,7.522513e-01,3.842846e-01,6.271535e+01,1.129967e+01,2.323980e-01,2.706004e+01,7.092976e+01,-3.477026e+01,3.334066e-07,
1.349999e+00,-5.349282e-01,7.532652e-01,3.826792e-01,6.269016e+01,1.124987e+01,2.325359e-01,2.693181e+01,7.112983e+01,-3.477321e+01,3.331804e-07,
1.379999e+00,-5.400610e-01,7.512407e-01,3.794359e-01,6.285603e+01,1.114937e+01,2.299695e-01,2.679738e+01,7.112589e+01,-3.478044e+01,3.326260e-07,
1.409999e+00,-5.392042e-01,7.526747e-01,3.778089e-01,6.280861e+01,1.109901e+01,2.303979e-01,2.665460e+01,7.084663e+01,-3.477655e+01,3.329239e-07,
1.439999e+00,-5.392579e-01,7.519046e-01,3.792630e-01,6.282384e+01,1.114402e+01,2.303711e-01,2.676652e+01,7.100603e+01,-3.477531e+01,3.330194e-07,
1.469999e+00,-5.375684e-01,7.508144e-01,3.837940e-01,6.280096e+01,1.128445e+01,2.312158e-01,2.707477e+01,7.095171e+01,-3.477040e+01,3.333958e-07,
1.499999e+00,-5.345614e-01,7.532333e-01,3.832541e-01,6.268145e+01,1.126770e+01,2.327193e-01,2.696754e+01,7.109026e+01,-3.476923e+01,3.334859e-07,
1.529999e+00,-5.389357e-01,7.519373e-01,3.796559e-01,6.281514e+01,1.115619e+01,2.305322e-01,2.678938e+01,7.107513e+01,-3.477894e+01,3.327409e-07,
1.559999e+00,-5.398645e-01,7.521395e-01,3.779319e-01,6.283486e+01,1.110282e+01,2.300678e-01,2.667842e+01,7.078094e+01,-3.477822e+01,3.327960e-07,
1.589999e+00,-5.393019e-01,7.515569e-01,3.798891e-01,6.283123e+01,1.116341e+01,2.303490e-01,2.681521e+01,7.093279e+01,-3.477652e+01,3.329263e-07,
1.619999e+00,-5.362588e-01,7.517713e-01,3.837530e-01,6.275064e+01,1.128317e+01,2.318706e-01,2.704272e+01,7.091430e+01,-3.477107e+01,3.333445e-07,
1.649999e+00,-5.366903e-01,7.521957e-01,3.823154e-01,6.275389e+01,1.123859e+01,2.316548e-01,2.694268e+01,7.123451e+01,-3.477850e+01,3.327747e-07,
1.679999e+00,-5.406723e-01,7.508415e-01,3.793555e-01,6.287861e+01,1.114688e+01,2.296639e-01,2.680475e+01,7.112283e+01,-3.478386e+01,3.323643e-07,
1.709999e+00,-5.403093e-01,7.518104e-01,3.779510e-01,6.285198e+01,1.110341e+01,2.298453e-01,2.668964e+01,7.089138e+01,-3.477853e+01,3.327725e-07,
1.739999e+00,-5.383539e-01,7.523658e-01,3.796324e-01,6.279277e+01,1.115546e+01,2.308231e-01,2.677482e+01,7.103977e+01,-3.477642e+01,3.329339e-07,
1.769999e+00,-5.368970e-01,7.511631e-01,3.840517e-01,6.277773e+01,1.129244e+01,2.315515e-01,2.707957e+01,7.097084e+01,-3.477116e+01,3.333371e-07,
1.799999e+00,-5.345660e-01,7.535112e-01,3.827010e-01,6.267658e+01,1.125055e+01,2.327170e-01,2.692557e+01,7.113257e+01,-3.477253e+01,3.332320e-07,
1.829999e+00,-5.395802e-01,7.514076e-01,3.797893e-01,6.284092e+01,1.116032e+01,2.302099e-01,2.681373e+01,7.101096e+01,-3.477900e+01,3.327359e-07,
1.859999e+00,-5.399604e-01,7.522920e-01,3.774909e-01,6.283452e+01,1.108918e+01,2.300198e-01,2.664694e+01,7.091167e+01,-3.477737e+01,3.328614e-07,
1.889999e+00,-5.389828e-01,7.518472e-01,3.797675e-01,6.281796e+01,1.115964e+01,2.305086e-01,2.679892e+01,7.107436e+01,-3.477649e+01,3.329288e-07,
1.919999e+00,-5.364740e-01,7.514596e-01,3.840626e-01,6.276170e+01,1.129278e+01,2.317630e-01,2.707107e+01,7.100540e+01,-3.477116e+01,3.333376e-07,
1.949999e+00,-5.364943e-01,7.523009e-01,3.823837e-01,6.274706e+01,1.124071e+01,2.317528e-01,2.694357e+01,7.123868e+01,-3.477661e+01,3.329192e-07,
1.979999e+00,-5.393403e-01,7.518447e-01,3.792644e-01,6.282700e+01,1.114406e+01,2.303298e-01,2.676844e+01,7.105627e+01,-3.478215e+01,3.324951e-07,
2.009999e+00,-5.398845e-01,7.521857e-01,3.778114e-01,6.283453e+01,1.109909e+01,2.300577e-01,2.666968e+01,7.093448e+01,-3.478022e+01,3.326431e-07,
2.039999e+00,-5.385034e-01,7.522358e-01,3.796781e-01,6.279888e+01,1.115687e+01,2.307483e-01,2.678158e+01,7.099311e+01,-3.477641e+01,3.329344e-07,
2.069999e+00,-5.368461e-01,7.512028e-01,3.840451e-01,6.277572e+01,1.129224e+01,2.315770e-01,2.707794e+01,7.091726e+01,-3.477230e+01,3.332498e-07,
2.099999e+00,-5.355967e-01,7.527447e-01,3.827683e-01,6.271640e+01,1.125263e+01,2.322017e-01,2.695319e+01,7.114920e+01,-3.477498e+01,3.330445e-07,
2.129999e+00,-5.403750e-01,7.510071e-01,3.794513e-01,6.286814e+01,1.114985e+01,2.298125e-01,2.680549e+01,7.117149e+01,-3.478454e+01,3.323121e-07,
2.159999e+00,-5.387620e-01,7.529642e-01,3.778630e-01,6.279227e+01,1.110069e+01,2.306190e-01,2.664905e+01,7.083933e+01,-3.477702e+01,3.328881e-07,
2.189999e+00,-5.385933e-01,7.521951e-01,3.796311e-01,6.280188e+01,1.115542e+01,2.307033e-01,2.677997e+01,7.098384e+01,-3.477633e+01,3.329409e-07,
2.219999e+00,-5.354066e-01,7.521217e-01,3.842561e-01,6.272280e+01,1.129878e+01,2.322967e-01,2.706231e+01,7.085356e+01,-3.476795e+01,3.335840e-07,
2.249999e+00,-5.357848e-01,7.526380e-01,3.827150e-01,6.272307e+01,1.125098e+01,2.321076e-01,2.695325e+01,7.114561e+01,-3.477250e+01,3.332343e-07,
2.279999e+00,-5.395849e-01,7.515109e-01,3.795780e-01,6.283918e+01,1.115377e+01,2.302075e-01,2.679773e+01,7.114259e+01,-3.478080e+01,3.325981e-07,
2.309999e+00,-5.396497e-01,7.522265e-01,3.780654e-01,6.282789e+01,1.110695e+01,2.301751e-01,2.668388e+01,7.085659e+01,-3.477730e+01,3.328667e-07,
2.339999e+00,-5.393798e-01,7.517020e-01,3.794911e-01,6.283057e+01,1.115108e+01,2.303101e-01,2.678658e+01,7.104821e+01,-3.477733e+01,3.328641e-07,
2.369999e+00,-5.360480e-01,7.518068e-01,3.839779e-01,6.274468e+01,1.129015e+01,2.319760e-01,2.705523e+01,7.089945e+01,-3.477066e+01,3.333758e-07,
2.399999e+00,-5.346814e-01,7.531165e-01,3.833163e-01,6.268658e+01,1.126963e+01,2.326593e-01,2.697488e+01,7.110471e+01,-3.477275e+01,3.332156e-07,
2.429999e+00,-5.402150e-01,7.510411e-01,3.796117e-01,6.286351e+01,1.115482e+01,2.298925e-01,2.681419e+01,7.110646e+01,-3.478355e+01,3.323881e-07,
2.459999e+00,-5.397717e-01,7.520191e-01,3.783038e-01,6.283470e+01,1.111433e+01,2.301142e-01,2.670472e+01,7.084044e+01,-3.477919e+01,3.327218e-07,
2.489999e+00,-5.385412e-01,7.523380e-01,3.794217e-01,6.279799e+01,1.114893e+01,2.307294e-01,2.676288e+01,7.098499e+01,-3.477728e+01,3.328681e-07,
2.519999e+00,-5.368353e-01,7.512448e-01,3.839780e-01,6.277469e+01,1.129015e+01,2.315824e-01,2.707259e+01,7.096981e+01,-3.477203e+01,3.332703e-07,
2.549999e+00,-5.343508e-01,7.532616e-01,3.834920e-01,6.267562e+01,1.127508e+01,2.328246e-01,2.698104e+01,7.110633e+01,-3.476899e+01,3.335037e-07,
2.579999e+00,-5.385511e-01,7.520919e-01,3.798954e-01,6.280267e+01,1.116360e+01,2.307245e-01,2.679918e+01,7.116628e+01,-3.477651e+01,3.329267e-07,
2.609999e+00,-5.403205e-01,7.517713e-01,3.780127e-01,6.285297e+01,1.110532e+01,2.298397e-01,2.669459e+01,7.088970e+01,-3.477489e+01,3.330512e-07,
2.639999e+00,-5.399928e-01,7.517810e-01,3.784615e-01,6.284455e+01,1.111921e+01,2.300036e-01,2.672159e+01,7.098344e+01,-3.477577e+01,3.329835e-07,
2.669999e+00,-5.373952e-01,7.514012e-01,3.828873e-01,6.278600e+01,1.125632e+01,2.313024e-01,2.700177e+01,7.086568e+01,-3.476959e+01,3.334581e-07,
2.699999e+00,-5.355823e-01,7.522509e-01,3.837581e-01,6.272492e+01,1.128333e+01,2.322089e-01,2.702824e+01,7.107973e+01,-3.477200e+01,3.332732e-07,
2.729999e+00,-5.378118e-01,7.523587e-01,3.804141e-01,6.277924e+01,1.117967e+01,2.310941e-01,2.682247e+01,7.125039e+01,-3.477913e+01,3.327258e-07,
2.759999e+00,-5.395381e-01,7.518556e-01,3.789615e-01,6.283178e+01,1.113469e+01,2.302309e-01,2.674970e+01,7.079345e+01,-3.477541e+01,3.330112e-07,
2.789999e+00,-5.396964e-01,7.523094e-01,3.778338e-01,6.282757e+01,1.109978e+01,2.301518e-01,2.666727e+01,7.094270e+01,-3.477362e+01,3.331486e-07,
2.819998e+00,-5.384067e-01,7.510573e-01,3.821402e-01,6.281771e+01,1.123316e+01,2.307966e-01,2.696713e+01,7.092668e+01,-3.477374e+01,3.331392e-07,
2.849998e+00,-5.360410e-01,7.519111e-01,3.837833e-01,6.274263e+01,1.128411e+01,2.319795e-01,2.704024e+01,7.113378e+01,-3.477420e+01,3.331041e-07,
2.879998e+00,-5.381851e-01,7.519368e-01,3.807202e-01,6.279625e+01,1.118915e+01,2.309074e-01,2.685398e+01,7.122615e+01,-3.478114e+01,3.325726e-07,
2.909998e+00,-5.395686e-01,7.522173e-01,3.781994e-01,6.282602e+01,1.111110e+01,2.302157e-01,2.669231e+01,7.088627e+01,-3.477781e+01,3.328276e-07,
2.939998e+00,-5.403535e-01,7.517897e-01,3.779291e-01,6.285346e+01,1.110273e+01,2.298233e-01,2.668895e+01,7.104350e+01,-3.477875e+01,3.327553e-07,
2.969998e+00,-5.376095e-01,7.511307e-01,3.831171e-01,6.279629e+01,1.126345e+01,2.311952e-01,2.702403e+01,7.085338e+01,-3.477255e+01,3.332310e-07,
2.999998e+00,-5.352228e-01,7.523972e-01,3.839726e-01,6.271320e+01,1.128999e+01,2.323886e-01,2.703669e+01,7.105618e+01,-3.476930e+01,3.334802e-07,
3.029998e+00,-5.400252e-01,7.511795e-01,3.796079e-01,6.285624e+01,1.115470e+01,2.299874e-01,2.680971e+01,7.123138e+01,-3.478138e+01,3.325539e-07,
3.059998e+00,-5.398215e-01,7.519520e-01,3.783661e-01,6.283716e+01,1.111625e+01,2.300892e-01,2.671056e+01,7.079841e+01,-3.477684e+01,3.329017e-07,
3.089998e+00,-5.399229e-01,7.514890e-01,3.791405e-01,6.284807e+01,1.114023e+01,2.300385e-01,2.677181e+01,7.101713e+01,-3.477672e+01,3.329106e-07,
3.119998e+00,-5.376576e-01,7.512892e-01,3.827387e-01,6.279464e+01,1.125171e+01,2.311712e-01,2.699623e+01,7.096137e+01,-3.477100e+01,3.333497e-07,
3.149998e+00,-5.343972e-01,7.531733e-01,3.836009e-01,6.267838e+01,1.127845e+01,2.328014e-01,2.699033e+01,7.104462e+01,-3.476948e+01,3.334666e-07,
3.179998e+00,-5.378708e-01,7.524861e-01,3.800786e-01,6.277843e+01,1.116928e+01,2.310646e-01,2.679821e+01,7.123138e+01,-3.477675e+01,3.329083e-07,
3.209998e+00,-5.394752e-01,7.521292e-01,3.785079e-01,6.282526e+01,1.112064e+01,2.302624e-01,2.671376e+01,7.079970e+01,-3.477402e+01,3.331178e-07,
3.239998e+00,-5.390505e-01,7.527131e-01,3.779519e-01,6.280405e+01,1.110344e+01,2.304748e-01,2.666212e+01,7.099219e+01,-3.477661e+01,3.329195e-07,
3.269998e+00,-5.378491e-01,7.512107e-01,3.826235e-01,6.280088e+01,1.124814e+01,2.310754e-01,2.699167e+01,7.091903e+01,-3.477420e+01,3.331038e-07,
3.299998e+00,-5.349043e-01,7.527469e-01,3.837311e-01,6.269886e+01,1.128249e+01,2.325479e-01,2.701132e+01,7.115189e+01,-3.477174e+01,3.332931e-07,
3.329998e+00,-5.381783e-01,7.520406e-01,3.805248e-01,6.279421e+01,1.118310e+01,2.309109e-01,2.683894e+01,7.122038e+01,-3.477875e+01,3.327550e-07,
3.359998e+00,-5.396830e-01,7.519827e-01,3.785027e-01,6.283313e+01,1.112048e+01,2.301585e-01,2.671792e+01,7.083193e+01,-3.477705e+01,3.328859e-07,
3.389998e+00,-5.381859e-01,7.532459e-01,3.781223e-01,6.277269e+01,1.110871e+01,2.309071e-01,2.665622e+01,7.086462e+01,-3.477270e+01,3.332191e-07,
3.419998e+00,-5.381712e-01,7.512462e-01,3.821006e-01,6.280836e+01,1.123193e+01,2.309144e-01,2.695891e+01,7.101749e+01,-3.477331e+01,3.331722e-07,
3.449998e+00,-5.360731e-01,7.519001e-01,3.837602e-01,6.274363e+01,1.128340e+01,2.319635e-01,2.703918e+01,7.106609e+01,-3.477045e+01,3.333921e-07,
3.479998e+00,-5.365123e-01,7.526512e-01,3.816684e-01,6.274120e+01,1.121853e+01,2.317439e-01,2.688950e+01,7.109831e+01,-3.477570e+01,3.329894e-07,
3.509998e+00,-5.404528e-01,7.514724e-01,3.784178e-01,6.286169e+01,1.111786e+01,2.297736e-01,2.672838e+01,7.088812e+01,-3.477891e+01,3.327434e-07,
3.539998e+00,-5.387296e-01,7.527896e-01,3.782569e-01,6.279459e+01,1.111288e+01,2.306352e-01,2.667832e+01,7.086143e+01,-3.477568e+01,3.329907e-07,
3.569998e+00,-5.391591e-01,7.504130e-01,3.823452e-01,6.284830e+01,1.123951e+01,2.304205e-01,2.699944e+01,7.096203e+01,-3.477575e+01,3.329852e-07,
3.599998e+00,-5.343064e-01,7.530770e-01,3.839161e-01,6.267781e+01,1.128823e+01,2.328468e-01,2.701233e+01,7.101909e+01,-3.477036e+01,3.333986e-07,
3.629998e+00,-5.382593e-01,7.519802e-01,3.805295e-01,6.279734e+01,1.118324e+01,2.308703e-01,2.684108e+01,7.118201e+01,-3.478025e+01,3.326408e-07,
3.659998e+00,-5.400049e-01,7.517495e-01,3.785069e-01,6.284543e+01,1.112061e+01,2.299975e-01,2.672532e+01,7.095782e+01,-3.477951e+01,3.326971e-07,
3.689998e+00,-5.391521e-01,7.526351e-01,3.779622e-01,6.280801e+01,1.110376e+01,2.304239e-01,2.666513e+01,7.090094e+01,-3.477717e+01,3.328763e-07,
3.719998e+00,-5.380740e-01,7.514265e-01,3.818831e-01,6.280266e+01,1.122519e+01,2.309630e-01,2.694017e+01,7.098428e+01,-3.477397e+01,3.331219e-07,
3.749998e+00,-5.341401e-01,7.529568e-01,3.843831e-01,6.267575e+01,1.130272e+01,2.329300e-01,2.704423e+01,7.095107e+01,-3.476719e+01,3.336421e-07,
3.779998e+00,-5.367062e-01,7.526648e-01,3.813689e-01,6.274585e+01,1.120925e+01,2.316469e-01,2.687095e+01,7.124951e+01,-3.477591e+01,3.329728e-07,
3.809998e+00,-5.401419e-01,7.513260e-01,3.791515e-01,6.285652e+01,1.114057e+01,2.299290e-01,2.677748e+01,7.090164e+01,-3.477926e+01,3.327165e-07,
3.839998e+00,-5.381286e-01,7.535372e-01,3.776232e-01,6.276601e+01,1.109327e+01,2.309357e-01,2.661702e+01,7.082068e+01,-3.477513e+01,3.330328e-07,
3.869998e+00,-5.382281e-01,7.518820e-01,3.807677e-01,6.279832e+01,1.119062e+01,2.308859e-01,2.685854e+01,7.091870e+01,-3.477437e+01,3.330913e-07,
3.899998e+00,-5.353506e-01,7.519429e-01,3.846837e-01,6.272461e+01,1.131205e+01,2.323247e-01,2.709366e+01,7.088535e+01,-3.476897e+01,3.335057e-07,
3.929998e+00,-5.364315e-01,7.526566e-01,3.817713e-01,6.273907e+01,1.122172e+01,2.317843e-01,2.689557e+01,7.123347e+01,-3.477650e+01,3.329274e-07,
3.959998e+00,-5.399153e-01,7.514653e-01,3.791982e-01,6.284831e+01,1.114201e+01,2.300423e-01,2.677604e+01,7.096136e+01,-3.477943e+01,3.327033e-07,
3.989998e+00,-5.395883e-01,7.525393e-01,3.775302e-01,6.282071e+01,1.109039e+01,2.302058e-01,2.664178e+01,7.092558e+01,-3.477844e+01,3.327794e-07,
4.019998e+00,-5.385846e-01,7.517835e-01,3.804579e-01,6.280908e+01,1.118102e+01,2.307077e-01,2.684277e+01,7.091814e+01,-3.477539e+01,3.330129e-07,
4.049998e+00,-5.354231e-01,7.520449e-01,3.843835e-01,6.272460e+01,1.130274e+01,2.322885e-01,2.707238e+01,7.083049e+01,-3.476947e+01,3.334672e-07,
4.079998e+00,-5.360849e-01,7.525027e-01,3.825606e-01,6.273309e+01,1.124619e+01,2.319575e-01,2.694807e+01,7.115237e+01,-3.477605e+01,3.329620e-07,
4.109998e+00,-5.412669e-01,7.506130e-01,3.789595e-01,6.289768e+01,1.113462e+01,2.293666e-01,2.678769e+01,7.116228e+01,-3.478480e+01,3.322924e-07,
4.139998e+00,-5.392437e-01,7.527885e-01,3.775257e-01,6.280755e+01,1.109025e+01,2.303781e-01,2.663391e+01,7.090319e+01,-3.477941e+01,3.327044e-07,
4.169998e+00,-5.385965e-01,7.520663e-01,3.798816e-01,6.280428e+01,1.116318e+01,2.307017e-01,2.679913e+01,7.090956e+01,-3.477762e+01,3.328417e-07,
4.199998e+00,-5.365352e-01,7.513606e-01,3.841709e-01,6.276503e+01,1.129614e+01,2.317324e-01,2.708067e+01,7.088972e+01,-3.477287e+01,3.332058e-07,
4.229998e+00,-5.355260e-01,7.526741e-01,3.830060e-01,6.271589e+01,1.126000e+01,2.322370e-01,2.696974e+01,7.119070e+01,-3.477526e+01,3.330230e-07,
4.259998e+00,-5.396714e-01,7.513902e-01,3.796941e-01,6.284353e+01,1.115737e+01,2.301643e-01,2.680848e+01,7.102381e+01,-3.478144e+01,3.325495e-07,
4.289998e+00,-5.391645e-01,7.528549e-01,3.775066e-01,6.280436e+01,1.108966e+01,2.304178e-01,2.663072e+01,7.090677e+01,-3.477889e+01,3.327442e-07,
4.319998e+00,-5.396797e-01,7.514984e-01,3.794679e-01,6.284179e+01,1.115036e+01,2.301601e-01,2.679142e+01,7.104899e+01,-3.477795e+01,3.328165e-07,
4.349998e+00,-5.364016e-01,7.515480e-01,3.839908e-01,6.275827e+01,1.129055e+01,2.317992e-01,2.706400e+01,7.092928e+01,-3.477089e+01,3.333578e-07,
4.379998e+00,-5.349344e-01,7.530860e-01,3.830231e-01,6.269353e+01,1.126053e+01,2.325328e-01,2.695811e+01,7.113319e+01,-3.477184e+01,3.332850e-07,
4.409998e+00,-5.396166e-01,7.516393e-01,3.792785e-01,6.283765e+01,1.114450e+01,2.301917e-01,2.677559e+01,7.115251e+01,-3.478086e+01,3.325940e-07,
4.439998e+00,-5.403315e-01,7.519205e-01,3.777003e-01,6.285055e+01,1.109565e+01,2.298343e-01,2.667103e+01,7.086623e+01,-3.477894e+01,3.327409e-07,
4.469998e+00,-5.390113e-01,7.519400e-01,3.795433e-01,6.281700e+01,1.115270e+01,2.304944e-01,2.678246e+01,7.088856e+01,-3.477621e+01,3.329501e-07,
4.499998e+00,-5.374817e-01,7.510747e-01,3.834060e-01,6.279408e+01,1.127241e+01,2.312591e-01,2.704324e+01,7.099162e+01,-3.477378e+01,3.331364e-07,
4.529998e+00,-5.348457e-01,7.531734e-01,3.829752e-01,6.268972e+01,1.125905e+01,2.325772e-01,2.695252e+01,7.118621e+01,-3.477277e+01,3.332142e-07,
4.559998e+00,-5.395204e-01,7.516375e-01,3.794191e-01,6.283527e+01,1.114885e+01,2.302398e-01,2.678419e+01,7.120462e+01,-3.478207e+01,3.325013e-07,
4.589998e+00,-5.393687e-01,7.523709e-01,3.781793e-01,6.281822e+01,1.111047e+01,2.303157e-01,2.668639e+01,7.078776e+01,-3.477739e+01,3.328597e-07,
4.619998e+00,-5.396421e-01,7.518421e-01,3.788402e-01,6.283463e+01,1.113093e+01,2.301790e-01,2.674274e+01,7.098962e+01,-3.477904e+01,3.327332e-07,
4.649998e+00,-5.386973e-01,7.504820e-01,3.828602e-01,6.283543e+01,1.125548e+01,2.306513e-01,2.702851e+01,7.103789e+01,-3.477755e+01,3.328472e-07,
4.679998e+00,-5.337867e-01,7.535890e-01,3.836345e-01,6.265547e+01,1.127950e+01,2.331066e-01,2.697958e+01,7.104885e+01,-3.477142e+01,3.333173e-07,
4.709997e+00,-5.389373e-01,7.515945e-01,3.803318e-01,6.282137e+01,1.117712e+01,2.305314e-01,2.684093e+01,7.117809e+01,-3.478290e+01,3.324374e-07,
4.739997e+00,-5.393029e-01,7.525961e-01,3.778247e-01,6.281250e+01,1.109950e+01,2.303486e-01,2.665795e+01,7.082998e+01,-3.477974e+01,3.326798e-07,
4.769997e+00,-5.390733e-01,7.524118e-01,3.785189e-01,6.281005e+01,1.112098e+01,2.304634e-01,2.670578e+01,7.094663e+01,-3.477968e+01,3.326840e-07,
4.799997e+00,-5.376484e-01,7.511228e-01,3.830779e-01,6.279741e+01,1.126223e+01,2.311758e-01,2.702190e+01,7.094623e+01,-3.477604e+01,3.329627e-07,
4.829997e+00,-5.356420e-01,7.523955e-01,3.833910e-01,6.272383e+01,1.127194e+01,2.321790e-01,2.700159e+01,7.118429e+01,-3.477474e+01,3.330629e-07,
4.859997e+00,-5.381285e-01,7.521458e-01,3.803873e-01,6.279106e+01,1.117884e+01,2.309358e-01,2.682737e+01,7.116048e+01,-3.478066e+01,3.326091e-07,
4.889997e+00,-5.401174e-01,7.519149e-01,3.780175e-01,6.284527e+01,1.110547e+01,2.299413e-01,2.669050e+01,7.086510e+01,-3.477964e+01,3.326872e-07,
4.919997e+00,-5.384980e-01,7.528746e-01,3.784173e-01,6.278724e+01,1.111784e+01,2.307510e-01,2.668547e+01,7.093424e+01,-3.477773e+01,3.328334e-07,
4.949997e+00,-5.371997e-01,7.513617e-01,3.832391e-01,6.278178e+01,1.126723e+01,2.314002e-01,2.702428e+01,7.087587e+01,-3.477282e+01,3.332101e-07,
4.979997e+00,-5.356255e-01,7.522025e-01,3.837926e-01,6.272688e+01,1.128440e+01,2.321872e-01,2.703182e+01,7.107601e+01,-3.477254e+01,3.332314e-07,
5.009997e+00,-5.385140e-01,7.518447e-01,3.804368e-01,6.280620e+01,1.118037e+01,2.307430e-01,2.683962e+01,7.118349e+01,-3.477960e+01,3.326901e-07,
5.039997e+00,-5.396148e-01,7.522479e-01,3.780727e-01,6.282663e+01,1.110718e+01,2.301926e-01,2.668367e+01,7.086308e+01,-3.477855e+01,3.327705e-07,
5.069997e+00,-5.390643e-01,7.523569e-01,3.786407e-01,6.281081e+01,1.112475e+01,2.304678e-01,2.671487e+01,7.092328e+01,-3.477817e+01,3.327995e-07,
5.099997e+00,-5.376132e-01,7.512299e-01,3.829173e-01,6.279459e+01,1.125725e+01,2.311934e-01,2.700887e+01,7.091573e+01,-3.477256e+01,3.332299e-07,
5.129997e+00,-5.359555e-01,7.519986e-01,3.837314e-01,6.273889e+01,1.128250e+01,2.320222e-01,2.703441e+01,7.107401e+01,-3.477150e+01,3.333112e-07,
5.159997e+00,-5.385394e-01,7.520671e-01,3.799610e-01,6.280283e+01,1.116563e+01,2.307303e-01,2.680392e+01,7.124968e+01,-3.477971e+01,3.326814e-07,
5.189997e+00,-5.405108e-01,7.517342e-01,3.778145e-01,6.285842e+01,1.109919e+01,2.297446e-01,2.668367e+01,7.098005e+01,-3.478141e+01,3.325515e-07,
5.219997e+00,-5.389203e-01,7.526721e-01,3.782191e-01,6.280151e+01,1.111171e+01,2.305399e-01,2.667961e+01,7.095222e+01,-3.477805e+01,3.328088e-07,
5.249997e+00,-5.379988e-01,7.511970e-01,3.824399e-01,6.280490e+01,1.124245e+01,2.310006e-01,2.698098e+01,7.090216e+01,-3.477386e+01,3.331301e-07,
5.279997e+00,-5.358027e-01,7.518317e-01,3.842714e-01,6.273803e+01,1.129926e+01,2.320987e-01,2.707219e+01,7.099362e+01,-3.477250e+01,3.332345e-07,
5.309997e+00,-5.386118e-01,7.517574e-01,3.804710e-01,6.281023e+01,1.118143e+01,2.306941e-01,2.684437e+01,7.123084e+01,-3.478230e+01,3.324831e-07,
5.339997e+00,-5.410521e-01,7.511082e-01,3.782845e-01,6.288333e+01,1.111373e+01,2.294740e-01,2.673143e+01,7.091755e+01,-3.478285e+01,3.324410e-07,
5.369997e+00,-5.390434e-01,7.526882e-01,3.780115e-01,6.280432e+01,1.110528e+01,2.304783e-01,2.666650e+01,7.092862e+01,-3.477979e+01,3.326759e-07,
5.399997e+00,-5.367928e-01,7.520550e-01,3.824484e-01,6.275901e+01,1.124271e+01,2.316036e-01,2.695506e+01,7.086923e+01,-3.477432e+01,3.330948e-07,
5.429997e+00,-5.346853e-01,7.526551e-01,3.842160e-01,6.269497e+01,1.129754e+01,2.326574e-01,2.704344e+01,7.100207e+01,-3.477181e+01,3.332877e-07,
5.459997e+00,-5.378535e-01,7.519931e-01,3.810774e-01,6.278688e+01,1.120022e+01,2.310733e-01,2.687391e+01,7.119953e+01,-3.478024e+01,3.326413e-07,
5.489997e+00,-5.399336e-01,7.516851e-01,3.787364e-01,6.284480e+01,1.112772e+01,2.300332e-01,2.674124e+01,7.089100e+01,-3.478014e+01,3.326487e-07,
5.519997e+00,-5.396573e-01,7.523573e-01,3.777942e-01,6.282572e+01,1.109856e+01,2.301713e-01,2.666339e+01,7.091582e+01,-3.477897e+01,3.327381e-07,
5.549997e+00,-5.389321e-01,7.505432e-01,3.824096e-01,6.284023e+01,1.124151e+01,2.305340e-01,2.699932e+01,7.101798e+01,-3.477697e+01,3.328916e-07,
5.579997e+00,-5.351131e-01,7.525626e-01,3.838014e-01,6.270745e+01,1.128467e+01,2.324435e-01,2.702125e+01,7.099862e+01,-3.477069e+01,3.333731e-07,
5.609997e+00,-5.372729e-01,7.522451e-01,3.813988e-01,6.276770e+01,1.121018e+01,2.313635e-01,2.688565e+01,7.111094e+01,-3.477655e+01,3.329236e-07,
5.639997e+00,-5.402628e-01,7.516691e-01,3.782985e-01,6.285336e+01,1.111416e+01,2.298686e-01,2.671510e+01,7.088020e+01,-3.477823e+01,3.327951e-07,
5.669997e+00,-5.388564e-01,7.527179e-01,3.782189e-01,6.279908e+01,1.111170e+01,2.305718e-01,2.667820e+01,7.090826e+01,-3.477481e+01,3.330572e-07,
5.699997e+00,-5.388952e-01,7.509400e-01,3.816818e-01,6.283213e+01,1.121895e+01,2.305524e-01,2.694296e+01,7.099644e+01,-3.477459e+01,3.330739e-07,
5.729997e+00,-5.356104e-01,7.519828e-01,3.842438e-01,6.273045e+01,1.129840e+01,2.321948e-01,2.706586e+01,7.098894e+01,-3.477149e+01,3.333119e-07,
5.759997e+00,-5.373209e-01,7.525130e-01,3.808023e-01,6.276409e+01,1.119170e+01,2.313396e-01,2.684127e+01,7.121923e+01,-3.478033e+01,3.326342e-07,
5.789997e+00,-5.405076e-01,7.515232e-01,3.782386e-01,6.286215e+01,1.111231e+01,2.297462e-01,2.671593e+01,7.090199e+01,-3.478301e+01,3.324288e-07,
5.819997e+00,-5.392385e-01,7.527079e-01,3.776938e-01,6.280887e+01,1.109545e+01,2.303808e-01,2.664658e+01,7.092899e+01,-3.477930e+01,3.327129e-07,
5.849997e+00,-5.384677e-01,7.513205e-01,3.815364e-01,6.281449e+01,1.121444e+01,2.307661e-01,2.692242e+01,7.098457e+01,-3.477583e+01,3.329788e-07,
5.879997e+00,-5.361132e-01,7.518254e-01,3.838505e-01,6.274599e+01,1.128620e+01,2.319434e-01,2.704695e+01,7.114864e+01,-3.477233e+01,3.332475e-07,
5.909997e+00,-5.368486e-01,7.524559e-01,3.815805e-01,6.275320e+01,1.121581e+01,2.315757e-01,2.689018e+01,7.114425e+01,-3.477462e+01,3.330716e-07,
5.939997e+00,-5.401418e-01,7.517711e-01,3.782685e-01,6.284848e+01,1.111324e+01,2.299291e-01,2.671016e+01,7.095081e+01,-3.477822e+01,3.327956e-07,
5.969997e+00,-5.391015e-01,7.527069e-01,3.778913e-01,6.280544e+01,1.110156e+01,2.304492e-01,2.665862e+01,7.090990e+01,-3.477476e+01,3.330613e-07,
5.999997e+00,-5.384024e-01,7.512305e-01,3.818057e-01,6.281447e+01,1.122279e+01,2.307988e-01,2.694152e+01,7.087873e+01,-3.477314e+01,3.331854e-07,
6.029997e+00,-5.355158e-01,7.522825e-01,3.837889e-01,6.272267e+01,1.128429e+01,2.322421e-01,2.702913e+01,7.098617e+01,-3.477060e+01,3.333807e-07,
6.059997e+00,-5.378047e-01,7.520824e-01,3.809700e-01,6.278404e+01,1.119689e+01,2.310976e-01,2.686466e+01,7.127783e+01,-3.478076e+01,3.326011e-07,
6.089997e+00,-5.399664e-01,7.516428e-01,3.787736e-01,6.284639e+01,1.112887e+01,2.300168e-01,2.674480e+01,7.092439e+01,-3.478177e+01,3.325242e-07,
6.119997e+00,-5.389941e-01,7.528317e-01,3.777961e-01,6.280049e+01,1.109862e+01,2.305030e-01,2.664903e+01,7.094748e+01,-3.477846e+01,3.327772e-07,
6.149997e+00,-5.388517e-01,7.509497e-01,3.817244e-01,6.283086e+01,1.122027e+01,2.305742e-01,2.694524e+01,7.096005e+01,-3.477560e+01,3.329969e-07,
6.179997e+00,-5.347770e-01,7.525414e-01,3.843110e-01,6.269933e+01,1.130049e+01,2.326115e-01,2.705268e+01,7.096959e+01,-3.476978e+01,3.334435e-07,
6.209997e+00,-5.374690e-01,7.522144e-01,3.811830e-01,6.277320e+01,1.120349e+01,2.312655e-01,2.687351e+01,7.120997e+01,-3.477779e+01,3.328287e-07,
6.239997e+00,-5.404450e-01,7.515085e-01,3.783573e-01,6.286084e+01,1.111598e+01,2.297775e-01,2.672360e+01,7.098343e+01,-3.478185e+01,3.325182e-07,
6.269997e+00,-5.399414e-01,7.522617e-01,3.775786e-01,6.283459e+01,1.109189e+01,2.300293e-01,2.665319e+01,7.094265e+01,-3.477833e+01,3.327878e-07,
6.299997e+00,-5.383620e-01,7.516255e-01,3.810846e-01,6.280632e+01,1.120044e+01,2.308190e-01,2.688564e+01,7.105999e+01,-3.477867e+01,3.327616e-07,
6.329997e+00,-5.341148e-01,7.529129e-01,3.845042e-01,6.267590e+01,1.130648e+01,2.329426e-01,2.705289e+01,7.095368e+01,-3.476948e+01,3.334660e-07,
6.359997e+00,-5.371086e-01,7.523670e-01,3.813899e-01,6.276136e+01,1.120990e+01,2.314457e-01,2.688136e+01,7.123682e+01,-3.477764e+01,3.328404e-07,
6.389997e+00,-5.389945e-01,7.523138e-01,3.788256e-01,6.280983e+01,1.113048e+01,2.305028e-01,2.672742e+01,7.097784e+01,-3.477630e+01,3.329433e-07,
6.419997e+00,-5.396147e-01,7.524388e-01,3.776928e-01,6.282318e+01,1.109542e+01,2.301926e-01,2.665474e+01,7.088142e+01,-3.477643e+01,3.329329e-07,
6.449997e+00,-5.386964e-01,7.511700e-01,3.815099e-01,6.282297e+01,1.121362e+01,2.306518e-01,2.692545e+01,7.097040e+01,-3.477494e+01,3.330472e-07,
6.479997e+00,-5.352167e-01,7.522016e-01,3.843643e-01,6.271656e+01,1.130214e+01,2.323917e-01,2.706638e+01,7.096988e+01,-3.476935e+01,3.334762e-07,
6.509997e+00,-5.364688e-01,7.526841e-01,3.816646e-01,6.273951e+01,1.121841e+01,2.317656e-01,2.688826e+01,7.115889e+01,-3.477544e+01,3.330090e-07,
6.539997e+00,-5.403810e-01,7.514088e-01,3.786465e-01,6.286103e+01,1.112493e+01,2.298095e-01,2.674424e+01,7.090887e+01,-3.478021e+01,3.326433e-07,
6.569996e+00,-5.393922e-01,7.527594e-01,3.773716e-01,6.281181e+01,1.108548e+01,2.303039e-01,2.662541e+01,7.091960e+01,-3.477949e+01,3.326989e-07,
6.599996e+00,-5.388046e-01,7.510491e-01,3.815951e-01,6.282788e+01,1.121626e+01,2.305977e-01,2.693434e+01,7.092565e+01,-3.477628e+01,3.329445e-07,
6.629996e+00,-5.347386e-01,7.525891e-01,3.842711e-01,6.269751e+01,1.129925e+01,2.326307e-01,2.704881e+01,7.097270e+01,-3.477051e+01,3.333871e-07,
6.659996e+00,-5.364101e-01,7.527331e-01,3.816505e-01,6.273715e+01,1.121798e+01,2.317949e-01,2.688591e+01,7.123138e+01,-3.477454e+01,3.330781e-07,
6.689996e+00,-5.403281e-01,7.514098e-01,3.787200e-01,6.285969e+01,1.112721e+01,2.298359e-01,2.674868e+01,7.089275e+01,-3.477811e+01,3.328046e-07,
6.719996e+00,-5.386114e-01,7.529623e-01,3.780815e-01,6.278851e+01,1.110745e+01,2.306943e-01,2.666239e+01,7.084772e+01,-3.477519e+01,3.330279e-07,
6.749996e+00,-5.389014e-01,7.514558e-01,3.806566e-01,6.282297e+01,1.118718e+01,2.305493e-01,2.686490e+01,7.099051e+01,-3.477545e+01,3.330084e-07,
6.779996e+00,-5.363475e-01,7.516230e-01,3.839196e-01,6.275556e+01,1.128834e+01,2.318262e-01,2.705738e+01,7.095050e+01,-3.477152e+01,3.333096e-07,
6.809996e+00,-5.359654e-01,7.527674e-01,3.822073e-01,6.272531e+01,1.123524e+01,2.320173e-01,2.691855e+01,7.122855e+01,-3.477731e+01,3.328656e-07,
6.839996e+00,-5.409107e-01,7.508951e-01,3.789092e-01,6.288363e+01,1.113307e+01,2.295446e-01,2.677597e+01,7.107609e+01,-3.478511e+01,3.322687e-07,
6.869996e+00,-5.385986e-01,7.530086e-01,3.780075e-01,6.278735e+01,1.110516e+01,2.307007e-01,2.665648e+01,7.080682e+01,-3.477785e+01,3.328246e-07,
6.899996e+00,-5.390441e-01,7.516524e-01,3.800659e-01,6.282301e+01,1.116888e+01,2.304779e-01,2.682301e+01,7.100594e+01,-3.477741e+01,3.328578e-07,
6.929996e+00,-5.358008e-01,7.518957e-01,3.841489e-01,6.273684e+01,1.129546e+01,2.320996e-01,2.706282e+01,7.088067e+01,-3.477128e+01,3.333279e-07,
6.959996e+00,-5.365252e-01,7.522461e-01,3.824480e-01,6.274882e+01,1.124270e+01,2.317374e-01,2.694915e+01,7.119482e+01,-3.477720e+01,3.328744e-07,
6.989996e+00,-5.400691e-01,7.511688e-01,3.795665e-01,6.285753e+01,1.115342e+01,2.299654e-01,2.680753e+01,7.096272e+01,-3.478214e+01,3.324960e-07,
7.019996e+00,-5.401520e-01,7.520912e-01,3.776169e-01,6.284296e+01,1.109307e+01,2.299240e-01,2.666074e+01,7.095520e+01,-3.477991e+01,3.326666e-07,
7.049996e+00,-5.385338e-01,7.518124e-01,3.804727e-01,6.280728e+01,1.118148e+01,2.307331e-01,2.684279e+01,7.093564e+01,-3.477714e+01,3.328789e-07,
7.079996e+00,-5.365505e-01,7.511822e-01,3.844982e-01,6.276863e+01,1.130630e+01,2.317248e-01,2.710598e+01,7.097666e+01,-3.477336e+01,3.331688e-07,
7.109996e+00,-5.368435e-01,7.521274e-01,3.822348e-01,6.275899e+01,1.123609e+01,2.315783e-01,2.693990e+01,7.120493e+01,-3.477784e+01,3.328254e-07,
7.139996e+00,-5.394627e-01,7.519449e-01,3.788916e-01,6.282827e+01,1.113252e+01,2.302687e-01,2.674272e+01,7.109446e+01,-3.478035e+01,3.326327e-07,
7.169996e+00,-5.383503e-01,7.531877e-01,3.780042e-01,6.277788e+01,1.110506e+01,2.308248e-01,2.665082e+01,7.079412e+01,-3.477476e+01,3.330614e-07,
7.199996e+00,-5.388712e-01,7.515935e-01,3.804273e-01,6.281973e+01,1.118008e+01,2.305644e-01,2.684675e+01,7.095116e+01,-3.477681e+01,3.329040e-07,
7.229996e+00,-5.358983e-01,7.519968e-01,3.838149e-01,6.273748e+01,1.128509e+01,2.320509e-01,2.703951e+01,7.102362e+01,-3.477282e+01,3.332101e-07,
7.259996e+00,-5.359541e-01,7.527430e-01,3.822712e-01,6.272546e+01,1.123722e+01,2.320230e-01,2.692317e+01,7.111576e+01,-3.477719e+01,3.328747e-07,
7.289996e+00,-5.397345e-01,7.516599e-01,3.790700e-01,6.284025e+01,1.113805e+01,2.301327e-01,2.676229e+01,7.098840e+01,-3.478249e+01,3.324689e-07,
7.319996e+00,-5.395221e-01,7.523972e-01,3.779077e-01,6.282160e+01,1.110207e+01,2.302389e-01,2.666908e+01,7.085968e+01,-3.477905e+01,3.327327e-07,
7.349996e+00,-5.383202e-01,7.520916e-01,3.802232e-01,6.279686e+01,1.117375e+01,2.308399e-01,2.681908e+01,7.100295e+01,-3.477882e+01,3.327496e-07,
7.379996e+00,-5.350491e-01,7.523541e-01,3.842992e-01,6.270958e+01,1.130012e+01,2.324755e-01,2.705775e+01,7.087383e+01,-3.477079e+01,3.333654e-07,
7.409996e+00,-5.371938e-01,7.520746e-01,3.818463e-01,6.276878e+01,1.122405e+01,2.314031e-01,2.691800e+01,7.124909e+01,-3.477987e+01,3.326693e-07,
7.439996e+00,-5.398249e-01,7.516051e-01,3.790499e-01,6.284351e+01,1.113742e+01,2.300875e-01,2.676275e+01,7.102789e+01,-3.478196e+01,3.325094e-07,
7.469996e+00,-5.381357e-01,7.535008e-01,3.776858e-01,6.276685e+01,1.109520e+01,2.309322e-01,2.662192e+01,7.082150e+01,-3.477627e+01,3.329455e-07,
7.499996e+00,-5.389239e-01,7.512932e-01,3.809456e-01,6.282647e+01,1.119613e+01,2.305380e-01,2.688743e+01,7.093563e+01,-3.477697e+01,3.328917e-07,
7.529996e+00,-5.357615e-01,7.519228e-01,3.841507e-01,6.273535e+01,1.129551e+01,2.321193e-01,2.706208e+01,7.097079e+01,-3.477120e+01,3.333346e-07,
7.559996e+00,-5.368626e-01,7.523969e-01,3.816772e-01,6.275462e+01,1.121881e+01,2.315687e-01,2.689785e+01,7.123540e+01,-3.477734e+01,3.328634e-07,
7.589996e+00,-5.400602e-01,7.513472e-01,3.792259e-01,6.285408e+01,1.114287e+01,2.299699e-01,2.678135e+01,7.095194e+01,-3.478014e+01,3.326492e-07,
7.619996e+00,-5.385667e-01,7.534699e-01,3.771327e-01,6.277825e+01,1.107809e+01,2.307166e-01,2.658924e+01,7.098937e+01,-3.477800e+01,3.328128e-07,
7.649996e+00,-5.393592e-01,7.512804e-01,3.803543e-01,6.283766e+01,1.117782e+01,2.303204e-01,2.685194e+01,7.097651e+01,-3.477706e+01,3.328848e-07,
7.679996e+00,-5.355770e-01,7.520752e-01,3.841097e-01,6.272795e+01,1.129424e+01,2.322115e-01,2.705490e+01,7.097230e+01,-3.477018e+01,3.334128e-07,
7.709996e+00,-5.366744e-01,7.524679e-01,3.818019e-01,6.274859e+01,1.122267e+01,2.316628e-01,2.690322e+01,7.123924e+01,-3.477715e+01,3.328782e-07,
7.739996e+00,-5.405818e-01,7.510550e-01,3.790616e-01,6.287247e+01,1.113778e+01,2.297091e-01,2.678033e+01,7.105523e+01,-3.478297e+01,3.324325e-07,
7.769996e+00,-5.380665e-01,7.533006e-01,3.781833e-01,6.276870e+01,1.111060e+01,2.309668e-01,2.665825e+01,7.075259e+01,-3.477469e+01,3.330665e-07,
7.799996e+00,-5.387038e-01,7.517055e-01,3.804433e-01,6.281349e+01,1.118057e+01,2.306481e-01,2.684429e+01,7.090412e+01,-3.477594e+01,3.329709e-07,
7.829996e+00,-5.359294e-01,7.516656e-01,3.844198e-01,6.274423e+01,1.130386e+01,2.320353e-01,2.708629e+01,7.089408e+01,-3.477285e+01,3.332074e-07,
7.859996e+00,-5.365919e-01,7.524532e-01,3.819466e-01,6.274678e+01,1.122716e+01,2.317040e-01,2.691243e+01,7.123922e+01,-3.477875e+01,3.327553e-07,
7.889996e+00,-5.393442e-01,7.515695e-01,3.798042e-01,6.283206e+01,1.116078e+01,2.303279e-01,2.680966e+01,7.098688e+01,-3.478240e+01,3.324754e-07,
7.919996e+00,-5.396565e-01,7.524012e-01,3.777080e-01,6.282491e+01,1.109589e+01,2.301718e-01,2.665681e+01,7.087096e+01,-3.477899e+01,3.327372e-07,
7.949996e+00,-5.394623e-01,7.514941e-01,3.797854e-01,6.283640e+01,1.116020e+01,2.302688e-01,2.681084e+01,7.099687e+01,-3.477906e+01,3.327312e-07,
7.979996e+00,-5.362118e-01,7.515816e-01,3.841901e-01,6.275288e+01,1.129673e+01,2.318941e-01,2.707501e+01,7.095020e+01,-3.477285e+01,3.332080e-07,
8.009996e+00,-5.360110e-01,7.527727e-01,3.821328e-01,6.272636e+01,1.123293e+01,2.319945e-01,2.691388e+01,7.120042e+01,-3.477561e+01,3.329959e-07,
8.039996e+00,-5.405331e-01,7.511366e-01,3.789694e-01,6.286978e+01,1.113493e+01,2.297334e-01,2.677222e+01,7.100828e+01,-3.478154e+01,3.325416e-07,
8.069996e+00,-5.397857e-01,7.524134e-01,3.774989e-01,6.282794e+01,1.108942e+01,2.301071e-01,2.664372e+01,7.089127e+01,-3.477865e+01,3.327627e-07,
8.099996e+00,-5.392077e-01,7.512140e-01,3.807002e-01,6.283505e+01,1.118853e+01,2.303961e-01,2.687498e+01,7.097989e+01,-3.477722e+01,3.328726e-07,
8.129996e+00,-5.361633e-01,7.515738e-01,3.842730e-01,6.275179e+01,1.129931e+01,2.319183e-01,2.708026e+01,7.093141e+01,-3.477217e+01,3.332600e-07,
8.159996e+00,-5.365755e-01,7.526764e-01,3.815298e-01,6.274235e+01,1.121424e+01,2.317122e-01,2.688034e+01,7.125219e+01,-3.477851e+01,3.327739e-07,
8.189996e+00,-5.404803e-01,7.515348e-01,3.782546e-01,6.286125e+01,1.111281e+01,2.297599e-01,2.671655e+01,7.105276e+01,-3.478369e+01,3.323767e-07,
8.219996e+00,-5.399675e-01,7.521693e-01,3.777254e-01,6.283691e+01,1.109643e+01,2.300163e-01,2.666495e+01,7.101212e+01,-3.478040e+01,3.326293e-07,
8.249996e+00,-5.382322e-01,7.512720e-01,3.819639e-01,6.280943e+01,1.122769e+01,2.308839e-01,2.694982e+01,7.090862e+01,-3.477612e+01,3.329569e-07,
8.279996e+00,-5.357034e-01,7.518878e-01,3.843001e-01,6.273452e+01,1.130015e+01,2.321483e-01,2.707219e+01,7.101102e+01,-3.477267e+01,3.332215e-07,
8.309996e+00,-5.375424e-01,7.521903e-01,3.811271e-01,6.277549e+01,1.120176e+01,2.312288e-01,2.687087e+01,7.127901e+01,-3.478205e+01,3.325023e-07,
8.339996e+00,-5.400362e-01,7.516716e-01,3.786169e-01,6.284762e+01,1.112402e+01,2.299819e-01,2.673439e+01,7.089574e+01,-3.478130e+01,3.325603e-07,
8.369996e+00,-5.388284e-01,7.528078e-01,3.780800e-01,6.279675e+01,1.110740e+01,2.305858e-01,2.666702e+01,7.079227e+01,-3.477706e+01,3.328847e-07,
8.399996e+00,-5.389694e-01,7.511266e-01,3.812098e-01,6.283063e+01,1.120432e+01,2.305153e-01,2.690858e+01,7.095797e+01,-3.477745e+01,3.328546e-07,
8.429995e+00,-5.344026e-01,7.529315e-01,3.840677e-01,6.268285e+01,1.129294e+01,2.327987e-01,2.702597e+01,7.096733e+01,-3.477094e+01,3.333541e-07,
8.459995e+00,-5.361528e-01,7.527495e-01,3.819795e-01,6.273036e+01,1.122818e+01,2.319236e-01,2.690532e+01,7.119508e+01,-3.477687e+01,3.328996e-07,
8.489995e+00,-5.400523e-01,7.514760e-01,3.789819e-01,6.285156e+01,1.113532e+01,2.299739e-01,2.676257e+01,7.100011e+01,-3.478192e+01,3.325123e-07,
8.519995e+00,-5.393162e-01,7.525304e-01,3.779367e-01,6.281402e+01,1.110297e+01,2.303419e-01,2.666677e+01,7.078556e+01,-3.477733e+01,3.328641e-07,
8.549995e+00,-5.389621e-01,7.514128e-01,3.806554e-01,6.282528e+01,1.118714e+01,2.305189e-01,2.686615e+01,7.094311e+01,-3.477742e+01,3.328576e-07,
8.579995e+00,-5.366160e-01,7.514546e-01,3.838741e-01,6.276537e+01,1.128693e+01,2.316920e-01,2.705983e+01,7.096160e+01,-3.477376e+01,3.331381e-07,
8.609995e+00,-5.346631e-01,7.534853e-01,3.826165e-01,6.267950e+01,1.124792e+01,2.326685e-01,2.692126e+01,7.120607e+01,-3.477589e+01,3.329747e-07,
8.639995e+00,-5.397224e-01,7.515008e-01,3.794026e-01,6.284282e+01,1.114834e+01,2.301388e-01,2.678738e+01,7.098694e+01,-3.478202e+01,3.325052e-07,
8.669995e+00,-5.387973e-01,7.528993e-01,3.779418e-01,6.279432e+01,1.110313e+01,2.306013e-01,2.665582e+01,7.083477e+01,-3.477757e+01,3.328458e-07,
8.699995e+00,-5.396855e-01,7.513947e-01,3.796651e-01,6.284380e+01,1.115647e+01,2.301573e-01,2.680658e+01,7.097553e+01,-3.477892e+01,3.327422e-07,
8.729995e+00,-5.362061e-01,7.517265e-01,3.839144e-01,6.275012e+01,1.128818e+01,2.318969e-01,2.705386e+01,7.089965e+01,-3.477378e+01,3.331364e-07,
8.759995e+00,-5.350465e-01,7.532436e-01,3.825563e-01,6.269353e+01,1.124606e+01,2.324767e-01,2.692504e+01,7.110876e+01,-3.477523e+01,3.330248e-07,
8.789995e+00,-5.406132e-01,7.510382e-01,3.790502e-01,6.287357e+01,1.113743e+01,2.296934e-01,2.678016e+01,7.112306e+01,-3.478463e+01,3.323052e-07,
8.819995e+00,-5.381973e-01,7.533675e-01,3.778639e-01,6.277079e+01,1.110071e+01,2.309014e-01,2.663681e+01,7.083074e+01,-3.477765e+01,3.328398e-07,
8.849995e+00,-5.380524e-01,7.520902e-01,3.806047e-01,6.279014e+01,1.118557e+01,2.309738e-01,2.684226e+01,7.088124e+01,-3.477527e+01,3.330221e-07,
8.879995e+00,-5.369387e-01,7.510559e-01,3.842029e-01,6.278071e+01,1.129713e+01,2.315306e-01,2.709203e+01,7.092540e+01,-3.477315e+01,3.331849e-07,
8.909995e+00,-5.371422e-01,7.520966e-01,3.818757e-01,6.276708e+01,1.122496e+01,2.314289e-01,2.691910e+01,7.130745e+01,-3.477746e+01,3.328540e-07,
8.939995e+00,-5.398852e-01,7.514235e-01,3.793240e-01,6.284830e+01,1.114591e+01,2.300574e-01,2.678497e+01,7.099869e+01,-3.477804e+01,3.328097e-07,
8.969995e+00,-5.401248e-01,7.522150e-01,3.774093e-01,6.284004e+01,1.108665e+01,2.299376e-01,2.664432e+01,7.097836e+01,-3.477610e+01,3.329581e-07,
8.999995e+00,-5.383299e-01,7.519859e-01,3.804183e-01,6.279902e+01,1.117980e+01,2.308350e-01,2.683416e+01,7.093616e+01,-3.477387e+01,3.331295e-07,
9.029995e+00,-5.359567e-01,7.519076e-01,3.839080e-01,6.274056e+01,1.128798e+01,2.320217e-01,2.704789e+01,7.094727e+01,-3.477103e+01,3.333476e-07,
9.059995e+00,-5.357430e-01,7.527874e-01,3.824795e-01,6.271933e+01,1.124368e+01,2.321285e-01,2.693441e+01,7.110550e+01,-3.477270e+01,3.332191e-07,
9.089995e+00,-5.397435e-01,7.514530e-01,3.794671e-01,6.284421e+01,1.115034e+01,2.301282e-01,2.679277e+01,7.106245e+01,-3.478071e+01,3.326050e-07,
9.119995e+00,-5.395521e-01,7.525083e-01,3.776437e-01,6.282035e+01,1.109390e+01,2.302239e-01,2.664963e+01,7.086955e+01,-3.477721e+01,3.328736e-07,
9.149995e+00,-5.384348e-01,7.524389e-01,3.793727e-01,6.279349e+01,1.114742e+01,2.307826e-01,2.675682e+01,7.094530e+01,-3.477615e+01,3.329547e-07,
9.179995e+00,-5.368776e-01,7.512833e-01,3.838437e-01,6.277507e+01,1.128599e+01,2.315612e-01,2.706328e+01,7.086566e+01,-3.477134e+01,3.333238e-07,
9.209995e+00,-5.349390e-01,7.530273e-01,3.831320e-01,6.269470e+01,1.126391e+01,2.325305e-01,2.696649e+01,7.109554e+01,-3.477297e+01,3.331981e-07,
9.239995e+00,-5.397369e-01,7.515542e-01,3.792760e-01,6.284222e+01,1.114442e+01,2.301315e-01,2.677804e+01,7.112032e+01,-3.478261e+01,3.324595e-07,
9.269995e+00,-5.392928e-01,7.525827e-01,3.778657e-01,6.281249e+01,1.110077e+01,2.303536e-01,2.666086e+01,7.082090e+01,-3.477998e+01,3.326610e-07,
9.299995e+00,-5.391422e-01,7.520252e-01,3.791883e-01,6.281876e+01,1.114171e+01,2.304289e-01,2.675828e+01,7.101757e+01,-3.478039e+01,3.326300e-07,
9.329995e+00,-5.367440e-01,7.515589e-01,3.834906e-01,6.276672e+01,1.127503e+01,2.316280e-01,2.703341e+01,7.091025e+01,-3.477473e+01,3.330636e-07,
9.359995e+00,-5.354049e-01,7.527873e-01,3.829528e-01,6.271079e+01,1.125835e+01,2.322975e-01,2.696304e+01,7.108578e+01,-3.477537e+01,3.330148e-07,
9.389995e+00,-5.394183e-01,7.517468e-01,3.793476e-01,6.283073e+01,1.114664e+01,2.302908e-01,2.677649e+01,7.116207e+01,-3.478144e+01,3.325494e-07,
9.419995e+00,-5.393938e-01,7.524921e-01,3.779021e-01,6.281667e+01,1.110190e+01,2.303031e-01,2.666584e+01,7.089765e+01,-3.477559e+01,3.329975e-07,
9.449995e+00,-5.401842e-01,7.512136e-01,3.793140e-01,6.285962e+01,1.114560e+01,2.299079e-01,2.679081e+01,7.106801e+01,-3.477677e+01,3.329073e-07,
9.479995e+00,-5.353646e-01,7.522195e-01,3.841232e-01,6.271998e+01,1.129466e+01,2.323177e-01,2.705127e+01,7.085531e+01,-3.477004e+01,3.334235e-07,
9.509995e+00,-5.370839e-01,7.518490e-01,3.824446e-01,6.277007e+01,1.124259e+01,2.314580e-01,2.696117e+01,7.117350e+01,-3.478002e+01,3.326583e-07,
9.539995e+00,-5.406770e-01,7.511402e-01,3.787569e-01,6.287333e+01,1.112835e+01,2.296615e-01,2.675919e+01,7.111027e+01,-3.478638e+01,3.321716e-07,
9.569995e+00,-5.399905e-01,7.522512e-01,3.775293e-01,6.283601e+01,1.109036e+01,2.300048e-01,2.665052e+01,7.093242e+01,-3.478089e+01,3.325915e-07,
9.599995e+00,-5.387418e-01,7.519322e-01,3.799410e-01,6.281036e+01,1.116502e+01,2.306291e-01,2.680684e+01,7.093471e+01,-3.477743e+01,3.328561e-07,
9.629995e+00,-5.353433e-01,7.520579e-01,3.844690e-01,6.272235e+01,1.130539e+01,2.323283e-01,2.707715e+01,7.085101e+01,-3.476979e+01,3.334425e-07,
9.659995e+00,-5.350192e-01,7.530998e-01,3.828775e-01,6.269543e+01,1.125602e+01,2.324904e-01,2.694888e+01,7.110569e+01,-3.477327e+01,3.331756e-07,
9.689995e+00,-5.392103e-01,7.516764e-01,3.797825e-01,6.282676e+01,1.116011e+01,2.303948e-01,2.680507e+01,7.118433e+01,-3.478242e+01,3.324745e-07,
9.719995e+00,-5.396153e-01,7.522776e-01,3.780130e-01,6.282610e+01,1.110533e+01,2.301923e-01,2.667913e+01,7.078638e+01,-3.477760e+01,3.328434e-07,
9.749995e+00,-5.388484e-01,7.526050e-01,3.784549e-01,6.280091e+01,1.111900e+01,2.305758e-01,2.669599e+01,7.094830e+01,-3.477762e+01,3.328419e-07,
9.779995e+00,-5.386563e-01,7.506983e-01,3.824937e-01,6.283048e+01,1.124412e+01,2.306718e-01,2.699963e+01,7.101751e+01,-3.477614e+01,3.329555e-07,
9.809995e+00,-5.336804e-01,7.535491e-01,3.838606e-01,6.265349e+01,1.128651e+01,2.331598e-01,2.699445e+01,7.105927e+01,-3.476912e+01,3.334940e-07,
9.839995e+00,-5.376616e-01,7.521758e-01,3.809877e-01,6.277875e+01,1.119744e+01,2.311692e-01,2.686286e+01,7.109834e+01,-3.477764e+01,3.328403e-07,
9.869995e+00,-5.402014e-01,7.516990e-01,3.783267e-01,6.285128e+01,1.111504e+01,2.298993e-01,2.671591e+01,7.088647e+01,-3.478022e+01,3.326427e-07,
9.899995e+00,-5.391347e-01,7.527111e-01,3.778355e-01,6.280620e+01,1.109984e+01,2.304326e-01,2.665510e+01,7.095973e+01,-3.477737e+01,3.328609e-07,
9.929995e+00,-5.382025e-01,7.511325e-01,3.822800e-01,6.281120e+01,1.123749e+01,2.308988e-01,2.697328e+01,7.094458e+01,-3.477350e+01,3.331580e-07,
9.959995e+00,-5.348830e-01,7.526701e-01,3.839113e-01,6.269970e+01,1.128809e+01,2.325585e-01,2.702458e+01,7.102139e+01,-3.477195e+01,3.332765e-07,
9.989995e+00,-5.388124e-01,7.517740e-01,3.801541e-01,6.281499e+01,1.117161e+01,2.305938e-01,2.682463e+01,7.129277e+01,-3.478463e+01,3.323050e-07,
1.001999e+01,-5.397569e-01,7.519465e-01,3.784693e-01,6.283564e+01,1.111945e+01,2.301216e-01,2.671700e+01,7.083465e+01,-3.478170e+01,3.325296e-07,
1.004999e+01,-5.395575e-01,7.523673e-01,3.779169e-01,6.282303e+01,1.110236e+01,2.302212e-01,2.667055e+01,7.100108e+01,-3.478233e+01,3.324813e-07,
1.007999e+01,-5.373782e-01,7.514720e-01,3.827722e-01,6.278429e+01,1.125275e+01,2.313109e-01,2.699262e+01,7.089907e+01,-3.477568e+01,3.329906e-07,
1.010999e+01,-5.351872e-01,7.525969e-01,3.836309e-01,6.270871e+01,1.127938e+01,2.324064e-01,2.700989e+01,7.108300e+01,-3.477434e+01,3.330935e-07,
1.013999e+01,-5.388073e-01,7.516229e-01,3.804600e-01,6.281758e+01,1.118109e+01,2.305964e-01,2.684783e+01,7.120925e+01,-3.478349e+01,3.323922e-07,
1.016999e+01,-5.400812e-01,7.516933e-01,3.785096e-01,6.284836e+01,1.112070e+01,2.299594e-01,2.672720e+01,7.083065e+01,-3.477994e+01,3.326641e-07,
1.019999e+01,-5.400124e-01,7.519591e-01,3.780795e-01,6.284183e+01,1.110739e+01,2.299938e-01,2.669291e+01,7.102590e+01,-3.477811e+01,3.328044e-07,
1.022999e+01,-5.378318e-01,7.514884e-01,3.821023e-01,6.279544e+01,1.123198e+01,2.310841e-01,2.695154e+01,7.105245e+01,-3.477517e+01,3.330294e-07,
1.025999e+01,-5.346333e-01,7.528190e-01,3.839672e-01,6.269071e+01,1.128982e+01,2.326833e-01,2.702337e+01,7.102024e+01,-3.477210e+01,3.332655e-07,
1.028999e+01,-5.400502e-01,7.510982e-01,3.797332e-01,6.285833e+01,1.115858e+01,2.299749e-01,2.681982e+01,7.122147e+01,-3.478277e+01,3.324477e-07,
1.031999e+01,-5.396291e-01,7.522493e-01,3.780495e-01,6.282696e+01,1.110646e+01,2.301854e-01,2.668222e+01,7.085236e+01,-3.477894e+01,3.327410e-07,
1.034999e+01,-5.390685e-01,7.520882e-01,3.791681e-01,6.281577e+01,1.114108e+01,2.304657e-01,2.675513e+01,7.089873e+01,-3.477768e+01,3.328376e-07,
1.037999e+01,-5.370149e-01,7.510868e-01,3.840360e-01,6.278208e+01,1.129195e+01,2.314925e-01,2.708098e+01,7.095139e+01,-3.477372e+01,3.331410e-07,
1.040999e+01,-5.353041e-01,7.528650e-01,3.829409e-01,6.270684e+01,1.125799e+01,2.323480e-01,2.695993e+01,7.116154e+01,-3.477436e+01,3.330921e-07,
1.043999e+01,-5.396853e-01,7.515582e-01,3.793415e-01,6.284085e+01,1.114645e+01,2.301573e-01,2.678190e+01,7.110793e+01,-3.478161e+01,3.325360e-07,
1.046999e+01,-5.394044e-01,7.525646e-01,3.777424e-01,6.281562e+01,1.109696e+01,2.302978e-01,2.665391e+01,7.092422e+01,-3.477759e+01,3.328440e-07,
1.049999e+01,-5.397042e-01,7.512717e-01,3.798819e-01,6.284650e+01,1.116318e+01,2.301479e-01,2.682353e+01,7.089894e+01,-3.477610e+01,3.329581e-07,
1.052999e+01,-5.366462e-01,7.515319e-01,3.836804e-01,6.276474e+01,1.128092e+01,2.316769e-01,2.704573e+01,7.102482e+01,-3.477109e+01,3.333429e-07,
1.055999e+01,-5.350219e-01,7.530959e-01,3.828813e-01,6.269556e+01,1.125614e+01,2.324890e-01,2.694923e+01,7.116202e+01,-3.476972e+01,3.334479e-07,
1.058999e+01,-5.395076e-01,7.515733e-01,3.795644e-01,6.283611e+01,1.115335e+01,2.302462e-01,2.679498e+01,7.110215e+01,-3.477769e+01,3.328364e-07,
1.061999e+01,-5.392053e-01,7.527626e-01,3.776322e-01,6.280705e+01,1.109355e+01,2.303974e-01,2.664117e+01,7.081779e+01,-3.477396e+01,3.331224e-07,
1.064999e+01,-5.387424e-01,7.523187e-01,3.791743e-01,6.280340e+01,1.114127e+01,2.306288e-01,2.674845e+01,7.093146e+01,-3.477450e+01,3.330812e-07,
1.067999e+01,-5.373538e-01,7.512042e-01,3.833316e-01,6.278851e+01,1.127010e+01,2.313231e-01,2.703474e+01,7.098463e+01,-3.477335e+01,3.331693e-07,
1.070999e+01,-5.342931e-01,7.534389e-01,3.832240e-01,6.267097e+01,1.126676e+01,2.328534e-01,2.695940e+01,7.104446e+01,-3.476969e+01,3.334501e-07,
1.073999e+01,-5.401019e-01,7.512190e-01,3.794205e-01,6.285745e+01,1.114890e+01,2.299491e-01,2.679711e+01,7.120966e+01,-3.478312e+01,3.324208e-07,
1.076999e+01,-5.391193e-01,7.526129e-01,3.780531e-01,6.280758e+01,1.110657e+01,2.304403e-01,2.667133e+01,7.080551e+01,-3.477702e+01,3.328878e-07,
1.079999e+01,-5.388425e-01,7.524970e-01,3.786779e-01,6.280271e+01,1.112591e+01,2.305787e-01,2.671284e+01,7.094382e+01,-3.477747e+01,3.328537e-07,
1.082999e+01,-5.378893e-01,7.508358e-01,3.833025e-01,6.280867e+01,1.126920e+01,2.310554e-01,2.704436e+01,7.090347e+01,-3.477308e+01,3.331899e-07,
1.085999e+01,-5.356250e-01,7.524241e-01,3.833586e-01,6.272288e+01,1.127094e+01,2.321875e-01,2.699875e+01,7.105725e+01,-3.477292e+01,3.332020e-07,
1.088999e+01,-5.386549e-01,7.518395e-01,3.802477e-01,6.280984e+01,1.117451e+01,2.306725e-01,2.682830e+01,7.115267e+01,-3.478059e+01,3.326143e-07,
1.091999e+01,-5.397916e-01,7.521244e-01,3.780659e-01,6.283330e+01,1.110697e+01,2.301042e-01,2.668703e+01,7.086356e+01,-3.477937e+01,3.327076e-07,
1.094999e+01,-5.391590e-01,7.522542e-01,3.787100e-01,6.281505e+01,1.112690e+01,2.304205e-01,2.672222e+01,7.090809e+01,-3.477819e+01,3.327985e-07,
1.097999e+01,-5.378165e-01,7.510852e-01,3.829157e-01,6.280233e+01,1.125720e+01,2.310918e-01,2.701324e+01,7.093922e+01,-3.477594e+01,3.329706e-07,
1.100999e+01,-5.353348e-01,7.523464e-01,3.839160e-01,6.271695e+01,1.128823e+01,2.323326e-01,2.703484e+01,7.100227e+01,-3.477390e+01,3.331268e-07,
1.103999e+01,-5.393786e-01,7.511923e-01,3.805006e-01,6.283974e+01,1.118235e+01,2.303107e-01,2.686353e+01,7.117185e+01,-3.478293e+01,3.324352e-07,
1.106999e+01,-5.387600e-01,7.526180e-01,3.785550e-01,6.279845e+01,1.112210e+01,2.306200e-01,2.670168e+01,7.091025e+01,-3.477966e+01,3.326854e-07,
1.109999e+01,-5.392320e-01,7.524860e-01,3.781451e-01,6.281271e+01,1.110942e+01,2.303840e-01,2.668080e+01,7.095920e+01,-3.477876e+01,3.327546e-07,
1.112999e+01,-5.378341e-01,7.511841e-01,3.826969e-01,6.280099e+01,1.125042e+01,2.310829e-01,2.699694e+01,7.089867e+01,-3.477498e+01,3.330439e-07,
1.115999e+01,-5.355702e-01,7.521438e-01,3.839847e-01,6.272654e+01,1.129036e+01,2.322149e-01,2.704524e+01,7.105582e+01,-3.477477e+01,3.330606e-07,
1.118999e+01,-5.385447e-01,7.519069e-01,3.802704e-01,6.280585e+01,1.117522e+01,2.307277e-01,2.682761e+01,7.123000e+01,-3.478315e+01,3.324180e-07,
1.121999e+01,-5.404679e-01,7.515561e-01,3.782298e-01,6.286056e+01,1.111204e+01,2.297660e-01,2.671439e+01,7.091463e+01,-3.478294e+01,3.324341e-07,
1.124999e+01,-5.397090e-01,7.522028e-01,3.780279e-01,6.282981e+01,1.110579e+01,2.301455e-01,2.668232e+01,7.101968e+01,-3.478089e+01,3.325912e-07,
1.127999e+01,-5.376553e-01,7.513197e-01,3.826820e-01,6.279403e+01,1.124996e+01,2.311724e-01,2.699185e+01,7.094312e+01,-3.477588e+01,3.329749e-07,
1.130999e+01,-5.344851e-01,7.530323e-01,3.837552e-01,6.268313e+01,1.128324e+01,2.327574e-01,2.700399e+01,7.107798e+01,-3.477170e+01,3.332961e-07,
1.133999e+01,-5.382357e-01,7.519495e-01,3.806235e-01,6.279730e+01,1.118616e+01,2.308821e-01,2.684773e+01,7.110392e+01,-3.478097e+01,3.325849e-07,
1.136999e+01,-5.404844e-01,7.516358e-01,3.780479e-01,6.285953e+01,1.110641e+01,2.297578e-01,2.670088e+01,7.086834e+01,-3.478092e+01,3.325889e-07,
1.139999e+01,-5.388800e-01,7.522050e-01,3.792044e-01,6.280891e+01,1.114221e+01,2.305600e-01,2.675376e+01,7.089028e+01,-3.477688e+01,3.328985e-07,
1.142999e+01,-5.380590e-01,7.508330e-01,3.830695e-01,6.281300e+01,1.126197e+01,2.309705e-01,2.703034e+01,7.098057e+01,-3.477605e+01,3.329623e-07,
1.145999e+01,-5.357436e-01,7.525050e-01,3.830339e-01,6.272442e+01,1.126087e+01,2.321282e-01,2.697663e+01,7.116304e+01,-3.477585e+01,3.329774e-07,
1.148999e+01,-5.392381e-01,7.516951e-01,3.797061e-01,6.282713e+01,1.115774e+01,2.303809e-01,2.679986e+01,7.121455e+01,-3.478571e+01,3.322228e-07,
1.151999e+01,-5.389017e-01,7.527592e-01,3.780722e-01,6.279947e+01,1.110716e+01,2.305492e-01,2.666802e+01,7.080980e+01,-3.477986e+01,3.326704e-07,
1.154999e+01,-5.386221e-01,7.527073e-01,3.785736e-01,6.279337e+01,1.112268e+01,2.306890e-01,2.670007e+01,7.094699e+01,-3.477828e+01,3.327914e-07,
1.157999e+01,-5.381510e-01,7.510414e-01,3.825315e-01,6.281155e+01,1.124529e+01,2.309245e-01,2.699133e+01,7.102738e+01,-3.477550e+01,3.330045e-07,
1.160999e+01,-5.342188e-01,7.531953e-01,3.838062e-01,6.267347e+01,1.128482e+01,2.328906e-01,2.700205e+01,7.105144e+01,-3.477219e+01,3.332585e-07,
1.163999e+01,-5.381082e-01,7.522563e-01,3.801974e-01,6.278856e+01,1.117295e+01,2.309459e-01,2.681246e+01,7.116762e+01,-3.478105e+01,3.325788e-07,
1.166999e+01,-5.400134e-01,7.519158e-01,3.781643e-01,6.284264e+01,1.111001e+01,2.299933e-01,2.669940e+01,7.084096e+01,-3.478031e+01,3.326355e-07,
1.169999e+01,-5.386455e-01,7.527833e-01,3.783890e-01,6.279259e+01,1.111696e+01,2.306772e-01,2.668654e+01,7.090858e+01,-3.477738e+01,3.328604e-07,
1.172999e+01,-5.377988e-01,7.512751e-01,3.825679e-01,6.279845e+01,1.124642e+01,2.311006e-01,2.698633e+01,7.091261e+01,-3.477373e+01,3.331403e-07,
1.175999e+01,-5.352407e-01,7.522502e-01,3.842355e-01,6.271630e+01,1.129814e+01,2.323796e-01,2.705710e+01,7.099561e+01,-3.477167e+01,3.332979e-07,
1.178999e+01,-5.387742e-01,7.516065e-01,3.805392e-01,6.281705e+01,1.118354e+01,2.306129e-01,2.685314e+01,7.120723e+01,-3.478166e+01,3.325326e-07,
1.181999e+01,-5.403818e-01,7.515822e-01,3.783010e-01,6.285792e+01,1.111424e+01,2.298091e-01,2.671792e+01,7.090562e+01,-3.478114e+01,3.325724e-07,
1.184999e+01,-5.394909e-01,7.521723e-01,3.783998e-01,6.282487e+01,1.111730e+01,2.302545e-01,2.670587e+01,7.092843e+01,-3.477792e+01,3.328190e-07,
1.187999e+01,-5.392027e-01,7.503002e-01,3.825050e-01,6.285144e+01,1.124447e+01,2.303986e-01,2.701261e+01,7.096162e+01,-3.477657e+01,3.329226e-07,
1.190999e+01,-5.339170e-01,7.534840e-01,3.836593e-01,6.266065e+01,1.128027e+01,2.330415e-01,2.698430e+01,7.106969e+01,-3.476937e+01,3.334750e-07,
1.193999e+01,-5.392088e-01,7.513776e-01,3.803755e-01,6.283212e+01,1.117847e+01,2.303956e-01,2.685024e+01,7.111475e+01,-3.478060e+01,3.326135e-07,
1.196999e+01,-5.395968e-01,7.521907e-01,3.782121e-01,6.282721e+01,1.111149e+01,2.302016e-01,2.669390e+01,7.087694e+01,-3.477975e+01,3.326786e-07,
