"Date","September-09-2022"
"Time","01h32m38s"
"PAX Card Serial","M00255249"
"PAX Card Name","PAX5710 Polarization Analyzing System"
"PAX Card Next Cal","September-19-2013"
"PAX Sensor Serial","M00255490"
"PAX Sensor Name","PAN5710VIS (400 - 700nm)"
"PAX Sensor Next Cal","September-19-2012"
"Wavelength [m]",6.330000e-07
"Basic Sample Rate [SPS]",6.666670e+01
"Power Range [dBm]","Auto"
"Azimuth Offset [°]",0.000000e+00
"Number of Basic Periods",2
"Signal Averaging",1
"Result Averaging",1
"Sample Time [s]",2.999998e-02
"Number of Measurements",1024
"Record Rate",1
"Record Time [s]",3.071998e+01
"Pretrigger Measurements",0
"Pretrigger Time [s]",0.000000e+00
"Trigger Source","Auto"
"Comment","5"
"Time Stamp [s]","Stokes 1","Stokes 2","Stokes 3","Azimuth [°]","Ellipticity [°]","Power Split Ratio","Phase Difference [°]","DOP [%]","Power [dBm]","Power [W]"
0.000000e+00,-9.565335e-01,2.914049e-01,1.125991e-02,8.152840e+01,3.225794e-01,2.173324e-02,2.212812e+00,5.985326e+01,-3.659441e+01,2.190577e-07,
2.999998e-02,-9.588430e-01,2.839283e-01,2.209025e-03,8.175258e+01,6.328396e-02,2.057852e-02,4.457648e-01,5.968111e+01,-3.659603e+01,2.189764e-07,
5.999997e-02,-9.562125e-01,2.926732e-01,-7.941649e-05,8.149097e+01,-2.275115e-03,2.189374e-02,-1.554713e-02,5.948693e+01,-3.658597e+01,2.194843e-07,
8.999995e-02,-9.571674e-01,2.894177e-01,8.242667e-03,8.158816e+01,2.361377e-01,2.141629e-02,1.631353e+00,5.990489e+01,-3.659548e+01,2.190039e-07,
1.199999e-01,-9.561190e-01,2.925385e-01,1.605331e-02,8.149387e+01,4.599132e-01,2.194051e-02,3.141006e+00,5.962510e+01,-3.659021e+01,2.192700e-07,
1.499999e-01,-9.569639e-01,2.900453e-01,9.684595e-03,8.156926e+01,2.774476e-01,2.151804e-02,1.912392e+00,6.002005e+01,-3.660113e+01,2.187190e-07,
1.799999e-01,-9.580131e-01,2.867217e-01,1.211353e-03,8.166910e+01,3.470272e-02,2.099343e-02,2.420640e-01,5.968171e+01,-3.659549e+01,2.190037e-07,
2.099999e-01,-9.565373e-01,2.916043e-01,1.805794e-03,8.152297e+01,5.173222e-02,2.173133e-02,3.548064e-01,5.984977e+01,-3.659517e+01,2.190198e-07,
2.399999e-01,-9.564999e-01,2.914966e-01,1.173144e-02,8.152561e+01,3.360887e-01,2.175003e-02,2.304656e+00,5.981332e+01,-3.659365e+01,2.190963e-07,
2.699999e-01,-9.557889e-01,2.936987e-01,1.444405e-02,8.145932e+01,4.138060e-01,2.210555e-02,2.815528e+00,5.938347e+01,-3.658551e+01,2.195073e-07,
2.999998e-01,-9.576249e-01,2.879351e-01,6.923227e-03,8.163261e+01,1.983374e-01,2.118755e-02,1.377377e+00,6.008093e+01,-3.660265e+01,2.186428e-07,
3.299998e-01,-9.579819e-01,2.868286e-01,6.081296e-05,8.166591e+01,1.742163e-03,2.100904e-02,1.214776e-02,5.947697e+01,-3.659010e+01,2.192752e-07,
3.599998e-01,-9.567840e-01,2.907593e-01,4.836937e-03,8.154819e+01,1.385686e-01,2.160800e-02,9.530580e-01,5.965544e+01,-3.658812e+01,2.193756e-07,
3.899998e-01,-9.578497e-01,2.869221e-01,1.413286e-02,8.166225e+01,4.048900e-01,2.107517e-02,2.819926e+00,5.960041e+01,-3.659040e+01,2.192601e-07,
4.199998e-01,-9.559395e-01,2.932644e-01,1.325250e-02,8.147248e+01,3.796672e-01,2.203025e-02,2.587412e+00,5.971107e+01,-3.659403e+01,2.190773e-07,
4.499998e-01,-9.583823e-01,2.854551e-01,4.339300e-03,8.170689e+01,1.243122e-01,2.080886e-02,8.709056e-01,5.998505e+01,-3.659805e+01,2.188742e-07,
4.799997e-01,-9.563031e-01,2.923770e-01,2.102426e-04,8.149984e+01,6.023007e-03,2.184845e-02,4.120027e-02,5.939079e+01,-3.658481e+01,2.195426e-07,
5.099997e-01,-9.561607e-01,2.928041e-01,4.743460e-03,8.148695e+01,1.358906e-01,2.191966e-02,9.281169e-01,5.976608e+01,-3.658914e+01,2.193237e-07,
5.399997e-01,-9.572401e-01,2.890109e-01,1.281005e-02,8.159991e+01,3.669908e-01,2.137996e-02,2.537902e+00,5.964117e+01,-3.658759e+01,2.194022e-07,
5.699997e-01,-9.556775e-01,2.940612e-01,1.443746e-02,8.144846e+01,4.136171e-01,2.216123e-02,2.810782e+00,5.956614e+01,-3.658638e+01,2.194636e-07,
5.999997e-01,-9.560566e-01,2.930224e-01,9.680669e-03,8.148009e+01,2.773351e-01,2.197171e-02,1.892210e+00,5.995539e+01,-3.659378e+01,2.190898e-07,
6.299997e-01,-9.576043e-01,2.880780e-01,2.232542e-03,8.162852e+01,6.395767e-02,2.119783e-02,4.440210e-01,5.960916e+01,-3.658683e+01,2.194404e-07,
6.599996e-01,-9.571560e-01,2.895714e-01,-8.570365e-04,8.158385e+01,-2.455229e-02,2.142199e-02,-1.695762e-01,5.940853e+01,-3.658459e+01,2.195539e-07,
6.899996e-01,-9.564514e-01,2.918147e-01,6.701043e-03,8.151649e+01,1.919722e-01,2.177431e-02,1.315472e+00,5.981060e+01,-3.659014e+01,2.192737e-07,
7.199996e-01,-9.568870e-01,2.900562e-01,1.531886e-02,8.156832e+01,4.388700e-01,2.155650e-02,3.023177e+00,5.966673e+01,-3.659002e+01,2.192796e-07,
7.499996e-01,-9.558513e-01,2.935418e-01,1.346909e-02,8.146414e+01,3.858728e-01,2.207433e-02,2.627160e+00,5.997263e+01,-3.659783e+01,2.188855e-07,
7.799996e-01,-9.578251e-01,2.873231e-01,4.063700e-03,8.165105e+01,1.164168e-01,2.108746e-02,8.102979e-01,5.985473e+01,-3.659779e+01,2.188875e-07,
8.099996e-01,-9.574232e-01,2.886879e-01,1.521483e-04,8.161029e+01,4.358728e-03,2.128838e-02,3.019682e-02,5.944614e+01,-3.658755e+01,2.194045e-07,
8.399996e-01,-9.573135e-01,2.889193e-01,8.749558e-03,8.160303e+01,2.506596e-01,2.134327e-02,1.734601e+00,5.971962e+01,-3.659175e+01,2.191920e-07,
8.699995e-01,-9.562658e-01,2.921078e-01,1.512765e-02,8.150690e+01,4.333919e-01,2.186712e-02,2.964581e+00,5.955715e+01,-3.658608e+01,2.194785e-07,
8.999995e-01,-9.577497e-01,2.874838e-01,8.285028e-03,8.164602e+01,2.373513e-01,2.112516e-02,1.650757e+00,6.001769e+01,-3.660241e+01,2.186546e-07,
9.299995e-01,-9.582099e-01,2.860651e-01,7.572897e-04,8.168874e+01,2.169475e-02,2.089505e-02,1.516767e-01,5.952677e+01,-3.659222e+01,2.191683e-07,
9.599995e-01,-9.566392e-01,2.912673e-01,2.195868e-03,8.153306e+01,6.290705e-02,2.168040e-02,4.319456e-01,5.953036e+01,-3.658732e+01,2.194158e-07,
9.899995e-01,-9.573288e-01,2.887952e-01,1.090666e-02,8.160657e+01,3.124591e-01,2.133561e-02,2.162810e+00,5.982304e+01,-3.659360e+01,2.190988e-07,
1.019999e+00,-9.556533e-01,2.941211e-01,1.481768e-02,8.144661e+01,4.245109e-01,2.217336e-02,2.884096e+00,5.959329e+01,-3.658847e+01,2.193576e-07,
1.049999e+00,-9.568707e-01,2.904077e-01,7.865258e-03,8.155855e+01,2.253254e-01,2.156466e-02,1.551391e+00,5.972811e+01,-3.659554e+01,2.190011e-07,
1.079999e+00,-9.578907e-01,2.871329e-01,-1.308714e-04,8.165681e+01,-3.749190e-03,2.105463e-02,-2.611466e-02,5.959024e+01,-3.659121e+01,2.192192e-07,
1.109999e+00,-9.571071e-01,2.897049e-01,4.131046e-03,8.157978e+01,1.183461e-01,2.144645e-02,8.169535e-01,5.979798e+01,-3.659280e+01,2.191394e-07,
1.139999e+00,-9.570525e-01,2.896116e-01,1.325015e-02,8.158189e+01,3.795999e-01,2.147373e-02,2.619538e+00,5.964031e+01,-3.659106e+01,2.192271e-07,
1.169999e+00,-9.557677e-01,2.938443e-01,1.279070e-02,8.145515e+01,3.664366e-01,2.211614e-02,2.492445e+00,5.977598e+01,-3.659446e+01,2.190553e-07,
1.199999e+00,-9.583528e-01,2.855797e-01,2.018607e-03,8.170323e+01,5.782887e-02,2.082358e-02,4.049859e-01,5.978827e+01,-3.659829e+01,2.188621e-07,
1.229999e+00,-9.576016e-01,2.880958e-01,-1.513695e-04,8.162801e+01,-4.336418e-03,2.119921e-02,-3.010400e-02,5.950287e+01,-3.658899e+01,2.193314e-07,
1.259999e+00,-9.574591e-01,2.884692e-01,7.592624e-03,8.161658e+01,2.175148e-01,2.127047e-02,1.507700e+00,5.990887e+01,-3.659532e+01,2.190122e-07,
1.289999e+00,-9.559940e-01,2.929617e-01,1.577804e-02,8.148123e+01,4.520262e-01,2.200301e-02,3.082801e+00,5.950678e+01,-3.658877e+01,2.193426e-07,
1.319999e+00,-9.563385e-01,2.921074e-01,9.483042e-03,8.150752e+01,2.716732e-01,2.183075e-02,1.859410e+00,5.994978e+01,-3.659917e+01,2.188178e-07,
1.349999e+00,-9.583657e-01,2.855410e-01,1.270786e-03,8.170440e+01,3.640535e-02,2.081717e-02,2.549904e-01,5.951960e+01,-3.659374e+01,2.190918e-07,
1.379999e+00,-9.570954e-01,2.897712e-01,1.061243e-03,8.157787e+01,3.040238e-02,2.145232e-02,2.098362e-01,5.946338e+01,-3.658609e+01,2.194779e-07,
1.409999e+00,-9.573277e-01,2.888608e-01,9.113566e-03,8.160476e+01,2.610880e-01,2.133613e-02,1.807084e+00,5.973157e+01,-3.659476e+01,2.190401e-07,
1.439999e+00,-9.563853e-01,2.917010e-01,1.541724e-02,8.151905e+01,4.416890e-01,2.180736e-02,3.025433e+00,5.947728e+01,-3.658732e+01,2.194158e-07,
1.469999e+00,-9.558580e-01,2.936740e-01,9.542879e-03,8.146058e+01,2.733875e-01,2.207100e-02,1.861160e+00,6.006606e+01,-3.659804e+01,2.188749e-07,
1.499999e+00,-9.583771e-01,2.855016e-01,1.487526e-03,8.170557e+01,4.261451e-02,2.081146e-02,2.985210e-01,5.965049e+01,-3.659216e+01,2.191716e-07,
1.529999e+00,-9.567228e-01,2.909985e-01,1.161264e-03,8.154112e+01,3.326778e-02,2.163860e-02,2.286444e-01,5.947026e+01,-3.658903e+01,2.193292e-07,
1.559999e+00,-9.565726e-01,2.913264e-01,9.887253e-03,8.153088e+01,2.832536e-01,2.171368e-02,1.943801e+00,5.967504e+01,-3.658884e+01,2.193393e-07,
1.589999e+00,-9.559399e-01,2.931610e-01,1.534724e-02,8.147532e+01,4.396832e-01,2.203004e-02,2.996749e+00,5.972866e+01,-3.658989e+01,2.192860e-07,
1.619999e+00,-9.575786e-01,2.880488e-01,8.427747e-03,8.162910e+01,2.414400e-01,2.121068e-02,1.675885e+00,6.005297e+01,-3.660125e+01,2.187132e-07,
1.649999e+00,-9.584588e-01,2.852308e-01,3.775351e-04,8.171368e+01,1.081559e-02,2.077061e-02,7.583738e-02,5.948257e+01,-3.658934e+01,2.193140e-07,
1.679999e+00,-9.567697e-01,2.908382e-01,2.186548e-03,8.154591e+01,6.264004e-02,2.161513e-02,4.307468e-01,5.970135e+01,-3.659147e+01,2.192063e-07,
1.709999e+00,-9.573212e-01,2.887893e-01,1.169632e-02,8.160667e+01,3.350826e-01,2.133938e-02,2.319282e+00,5.962533e+01,-3.659001e+01,2.192798e-07,
1.739999e+00,-9.552780e-01,2.953182e-01,1.519978e-02,8.141067e+01,4.354583e-01,2.236098e-02,2.946365e+00,5.981491e+01,-3.659284e+01,2.191372e-07,
1.769999e+00,-9.571410e-01,2.895318e-01,7.240191e-03,8.158481e+01,2.074180e-01,2.142950e-02,1.432471e+00,5.989947e+01,-3.659718e+01,2.189184e-07,
1.799999e+00,-9.585374e-01,2.849661e-01,6.276821e-04,8.172159e+01,1.798177e-02,2.073130e-02,1.262027e-01,5.954978e+01,-3.659145e+01,2.192072e-07,
1.829999e+00,-9.563717e-01,2.921466e-01,1.874471e-03,8.150673e+01,5.369966e-02,2.181414e-02,3.676161e-01,5.956449e+01,-3.658828e+01,2.193675e-07,
1.859999e+00,-9.571488e-01,2.893753e-01,1.131629e-02,8.158916e+01,3.241948e-01,2.142559e-02,2.239464e+00,5.968014e+01,-3.659203e+01,2.191782e-07,
1.889999e+00,-9.564063e-01,2.916707e-01,1.466942e-02,8.152006e+01,4.202629e-01,2.179685e-02,2.879233e+00,5.965036e+01,-3.658906e+01,2.193278e-07,
1.919999e+00,-9.563810e-01,2.919740e-01,9.301974e-03,8.151154e+01,2.664858e-01,2.180949e-02,1.824764e+00,6.004552e+01,-3.659957e+01,2.187980e-07,
1.949999e+00,-9.579083e-01,2.870712e-01,1.339799e-03,8.165865e+01,3.838243e-02,2.104584e-02,2.674050e-01,5.952200e+01,-3.658944e+01,2.193086e-07,
1.979999e+00,-9.563713e-01,2.921537e-01,4.192946e-04,8.150653e+01,1.201191e-02,2.181435e-02,8.223000e-02,5.955678e+01,-3.658687e+01,2.194385e-07,
2.009999e+00,-9.568313e-01,2.905207e-01,8.457147e-03,8.155512e+01,2.422823e-01,2.158434e-02,1.667427e+00,5.967763e+01,-3.658858e+01,2.193524e-07,
2.039999e+00,-9.564585e-01,2.914578e-01,1.547850e-02,8.152633e+01,4.434440e-01,2.177077e-02,3.039961e+00,5.943379e+01,-3.658404e+01,2.195815e-07,
2.069999e+00,-9.560569e-01,2.929740e-01,1.101785e-02,8.148142e+01,3.156447e-01,2.197154e-02,2.153704e+00,6.008908e+01,-3.659882e+01,2.188355e-07,
2.099999e+00,-9.583572e-01,2.855671e-01,1.684038e-03,8.170361e+01,4.824414e-02,2.082138e-02,3.378790e-01,5.965573e+01,-3.659116e+01,2.192220e-07,
2.129999e+00,-9.566317e-01,2.913001e-01,-2.440572e-04,8.153210e+01,-6.991724e-03,2.168415e-02,-4.800357e-02,5.950776e+01,-3.658397e+01,2.195853e-07,
2.159999e+00,-9.569988e-01,2.900191e-01,6.499537e-03,8.157027e+01,1.861993e-01,2.150061e-02,1.283825e+00,5.985105e+01,-3.659340e+01,2.191087e-07,
2.189999e+00,-9.564346e-01,2.915688e-01,1.484903e-02,8.152309e+01,4.254090e-01,2.178270e-02,2.915443e+00,5.961967e+01,-3.658860e+01,2.193514e-07,
2.219999e+00,-9.559200e-01,2.933679e-01,1.233982e-02,8.146948e+01,3.535187e-01,2.204001e-02,2.408590e+00,5.969804e+01,-3.659341e+01,2.191084e-07,
2.249999e+00,-9.584873e-01,2.851140e-01,3.486816e-03,8.171712e+01,9.989011e-02,2.075636e-02,7.006667e-01,5.976932e+01,-3.659794e+01,2.188799e-07,
2.279999e+00,-9.570901e-01,2.897902e-01,-4.900791e-04,8.157730e+01,-1.403973e-02,2.145497e-02,-9.689575e-02,5.942278e+01,-3.658926e+01,2.193180e-07,
2.309999e+00,-9.568055e-01,2.906927e-01,4.573159e-03,8.155019e+01,1.310118e-01,2.159723e-02,9.012993e-01,5.973851e+01,-3.659361e+01,2.190982e-07,
2.339999e+00,-9.567976e-01,2.904518e-01,1.327065e-02,8.155673e+01,3.801873e-01,2.160120e-02,2.616007e+00,5.973833e+01,-3.659242e+01,2.191581e-07,
2.369999e+00,-9.556408e-01,2.942101e-01,1.382410e-02,8.144407e+01,3.960438e-01,2.217960e-02,2.690187e+00,5.974761e+01,-3.659674e+01,2.189405e-07,
2.399999e+00,-9.579470e-01,2.869174e-01,4.006396e-03,8.166319e+01,1.147751e-01,2.102652e-02,8.000027e-01,5.978120e+01,-3.660202e+01,2.186745e-07,
2.429999e+00,-9.575205e-01,2.883637e-01,-9.176782e-04,8.161999e+01,-2.628955e-02,2.123974e-02,-1.823354e-01,5.930632e+01,-3.658943e+01,2.193094e-07,
2.459999e+00,-9.572463e-01,2.892112e-01,6.029778e-03,8.159447e+01,1.727415e-01,2.137683e-02,1.194389e+00,5.982312e+01,-3.659723e+01,2.189155e-07,
2.489999e+00,-9.565920e-01,2.910756e-01,1.437844e-02,8.153792e+01,4.119262e-01,2.170400e-02,2.827977e+00,5.961077e+01,-3.659259e+01,2.191498e-07,
2.519999e+00,-9.556789e-01,2.941313e-01,1.283315e-02,8.144655e+01,3.676528e-01,2.216056e-02,2.498270e+00,5.982714e+01,-3.659655e+01,2.189501e-07,
2.549999e+00,-9.583996e-01,2.854041e-01,3.840664e-03,8.170844e+01,1.100272e-01,2.080021e-02,7.709790e-01,6.012123e+01,-3.660564e+01,2.184921e-07,
2.579999e+00,-9.569641e-01,2.902064e-01,4.495485e-05,8.156484e+01,1.287862e-03,2.151797e-02,8.875486e-03,5.950958e+01,-3.659079e+01,2.192407e-07,
2.609999e+00,-9.573428e-01,2.888531e-01,7.665230e-03,8.160509e+01,2.195948e-01,2.132862e-02,1.520089e+00,5.971829e+01,-3.659243e+01,2.191579e-07,
2.639999e+00,-9.560907e-01,2.927039e-01,1.466260e-02,8.148911e+01,4.200675e-01,2.195465e-02,2.867755e+00,5.969718e+01,-3.659208e+01,2.191754e-07,
2.669999e+00,-9.555054e-01,2.947321e-01,1.193695e-02,8.142863e+01,3.419766e-01,2.224731e-02,2.319270e+00,5.999564e+01,-3.659627e+01,2.189640e-07,
2.699999e+00,-9.574747e-01,2.885042e-01,2.743875e-03,8.161575e+01,7.860632e-02,2.126266e-02,5.449060e-01,5.967818e+01,-3.659134e+01,2.192130e-07,
2.729999e+00,-9.571309e-01,2.896556e-01,-3.407812e-04,8.158133e+01,-9.762662e-03,2.143457e-02,-6.740872e-02,5.941833e+01,-3.658508e+01,2.195293e-07,
2.759999e+00,-9.567389e-01,2.908979e-01,5.400072e-03,8.154401e+01,1.547014e-01,2.163056e-02,1.063486e+00,5.977153e+01,-3.659150e+01,2.192050e-07,
2.789999e+00,-9.562716e-01,2.921271e-01,1.436360e-02,8.150642e+01,4.115011e-01,2.186418e-02,2.814910e+00,5.948857e+01,-3.658928e+01,2.193170e-07,
2.819998e+00,-9.553747e-01,2.950783e-01,1.370920e-02,8.141805e+01,3.927520e-01,2.231264e-02,2.660023e+00,5.966466e+01,-3.659208e+01,2.191755e-07,
2.849998e+00,-9.585094e-01,2.850200e-01,4.833134e-03,8.171988e+01,1.384596e-01,2.074530e-02,9.714816e-01,5.991755e+01,-3.659998e+01,2.187770e-07,
2.879998e+00,-9.581386e-01,2.863045e-01,-2.836935e-04,8.168158e+01,-8.127220e-03,2.093068e-02,-5.677324e-02,5.949350e+01,-3.659103e+01,2.192283e-07,
2.909998e+00,-9.566836e-01,2.911049e-01,3.802415e-03,8.153788e+01,1.089314e-01,2.165820e-02,7.483556e-01,5.976960e+01,-3.659338e+01,2.191100e-07,
2.939998e+00,-9.563312e-01,2.919521e-01,1.394902e-02,8.151172e+01,3.996230e-01,2.183439e-02,2.735424e+00,5.963879e+01,-3.659149e+01,2.192051e-07,
2.969998e+00,-9.561807e-01,2.924223e-01,1.441327e-02,8.149757e+01,4.129240e-01,2.190967e-02,2.821781e+00,5.969847e+01,-3.659236e+01,2.191612e-07,
2.999998e+00,-9.580795e-01,2.864364e-01,6.155955e-03,8.167747e+01,1.763562e-01,2.096025e-02,1.231184e+00,5.996648e+01,-3.659936e+01,2.188085e-07,
3.029998e+00,-9.581151e-01,2.863797e-01,-1.429092e-03,8.167932e+01,-4.094049e-02,2.094244e-02,-2.859150e-01,5.956670e+01,-3.659200e+01,2.191793e-07,
3.059998e+00,-9.564707e-01,2.918051e-01,3.681764e-03,8.151691e+01,1.054750e-01,2.176464e-02,7.228743e-01,5.981343e+01,-3.659323e+01,2.191174e-07,
3.089998e+00,-9.573314e-01,2.887640e-01,1.148333e-02,8.160744e+01,3.289804e-01,2.133428e-02,2.277292e+00,5.967749e+01,-3.659299e+01,2.191298e-07,
3.119998e+00,-9.555857e-01,2.942837e-01,1.590814e-02,8.144159e+01,4.557539e-01,2.220715e-02,3.094236e+00,5.961648e+01,-3.658862e+01,2.193504e-07,
3.149998e+00,-9.569107e-01,2.902465e-01,8.883970e-03,8.156330e+01,2.545103e-01,2.154466e-02,1.753183e+00,5.996851e+01,-3.659799e+01,2.188774e-07,
3.179998e+00,-9.578565e-01,2.872444e-01,1.246155e-03,8.165347e+01,3.569972e-02,2.107175e-02,2.485652e-01,5.963456e+01,-3.659413e+01,2.190721e-07,
3.209998e+00,-9.564541e-01,2.918827e-01,1.500764e-04,8.151465e+01,4.299373e-03,2.177294e-02,2.945959e-02,5.955737e+01,-3.658801e+01,2.193811e-07,
3.239998e+00,-9.562388e-01,2.924741e-01,8.141258e-03,8.149664e+01,2.332324e-01,2.188060e-02,1.594464e+00,5.980653e+01,-3.659320e+01,2.191188e-07,
3.269998e+00,-9.565910e-01,2.910502e-01,1.494706e-02,8.153860e+01,4.282176e-01,2.170450e-02,2.939876e+00,5.946978e+01,-3.658814e+01,2.193746e-07,
3.299998e+00,-9.561411e-01,2.927263e-01,1.027016e-02,8.148891e+01,2.942237e-01,2.192944e-02,2.009371e+00,5.993328e+01,-3.659910e+01,2.188214e-07,
3.329998e+00,-9.583511e-01,2.855844e-01,2.180479e-03,8.170309e+01,6.246619e-02,2.082446e-02,4.374533e-01,5.958970e+01,-3.659530e+01,2.190131e-07,
3.359998e+00,-9.573532e-01,2.889202e-01,4.498700e-05,8.160334e+01,1.288783e-03,2.132341e-02,8.921375e-03,5.949745e+01,-3.659057e+01,2.192516e-07,
3.389998e+00,-9.575206e-01,2.882046e-01,9.608066e-03,8.162435e+01,2.752551e-01,2.123968e-02,1.909400e+00,5.963560e+01,-3.659229e+01,2.191649e-07,
3.419998e+00,-9.558478e-01,2.934967e-01,1.465028e-02,8.146535e+01,4.197146e-01,2.207610e-02,2.857623e+00,5.961864e+01,-3.659177e+01,2.191910e-07,
3.449998e+00,-9.571435e-01,2.894475e-01,9.819756e-03,8.158714e+01,2.813198e-01,2.142823e-02,1.943064e+00,5.992138e+01,-3.659911e+01,2.188212e-07,
3.479998e+00,-9.582308e-01,2.859946e-01,8.611142e-04,8.169084e+01,2.466911e-02,2.088458e-02,1.725139e-01,5.969489e+01,-3.659564e+01,2.189960e-07,
3.509998e+00,-9.569727e-01,2.901768e-01,8.491481e-04,8.156573e+01,2.432630e-02,2.151366e-02,1.676649e-01,5.975458e+01,-3.659340e+01,2.191088e-07,
3.539998e+00,-9.571426e-01,2.894216e-01,1.063825e-02,8.158784e+01,3.047692e-01,2.142869e-02,2.105070e+00,5.982163e+01,-3.659333e+01,2.191123e-07,
3.569998e+00,-9.559074e-01,2.932596e-01,1.548363e-02,8.147234e+01,4.435911e-01,2.204628e-02,3.022317e+00,5.977087e+01,-3.659421e+01,2.190683e-07,
3.599998e+00,-9.569661e-01,2.900696e-01,8.689705e-03,8.156861e+01,2.489448e-01,2.151695e-02,1.715914e+00,6.012173e+01,-3.660100e+01,2.187259e-07,
3.629998e+00,-9.584015e-01,2.854180e-01,1.758882e-03,8.170807e+01,5.038830e-02,2.079924e-02,3.530796e-01,5.949442e+01,-3.658777e+01,2.193933e-07,
3.659998e+00,-9.570008e-01,2.900846e-01,6.671952e-04,8.156849e+01,1.911374e-02,2.149961e-02,1.317802e-01,5.951134e+01,-3.658682e+01,2.194412e-07,
3.689998e+00,-9.566627e-01,2.910258e-01,1.002676e-02,8.153987e+01,2.872503e-01,2.166867e-02,1.973240e+00,5.980882e+01,-3.659331e+01,2.191133e-07,
3.719998e+00,-9.558100e-01,2.935935e-01,1.517016e-02,8.146238e+01,4.346096e-01,2.209501e-02,2.957878e+00,5.950055e+01,-3.658577e+01,2.194943e-07,
3.749998e+00,-9.570600e-01,2.897071e-01,1.029886e-02,8.157933e+01,2.950459e-01,2.147002e-02,2.035963e+00,5.992201e+01,-3.659661e+01,2.189468e-07,
3.779998e+00,-9.583581e-01,2.855676e-01,9.712610e-04,8.170361e+01,2.782458e-02,2.082096e-02,1.948713e-01,5.968990e+01,-3.659410e+01,2.190733e-07,
3.809998e+00,-9.565456e-01,2.915817e-01,8.332719e-04,8.152366e+01,2.387148e-02,2.172722e-02,1.637374e-01,5.939033e+01,-3.658465e+01,2.195508e-07,
3.839998e+00,-9.570428e-01,2.897801e-01,9.823424e-03,8.157719e+01,2.814249e-01,2.147858e-02,1.941560e+00,5.983355e+01,-3.659183e+01,2.191880e-07,
3.869998e+00,-9.562423e-01,2.921917e-01,1.499261e-02,8.150441e+01,4.295227e-01,2.187887e-02,2.937321e+00,5.955978e+01,-3.658708e+01,2.194278e-07,
3.899998e+00,-9.563851e-01,2.918917e-01,1.126196e-02,8.151382e+01,3.226383e-01,2.180746e-02,2.209529e+00,5.981784e+01,-3.659522e+01,2.190172e-07,
3.929998e+00,-9.585811e-01,2.848146e-01,1.714060e-03,8.172610e+01,4.910423e-02,2.070945e-02,3.448111e-01,5.963100e+01,-3.659361e+01,2.190982e-07,
3.959998e+00,-9.566471e-01,2.912477e-01,1.067749e-03,8.153366e+01,3.058876e-02,2.167646e-02,2.100522e-01,5.957910e+01,-3.658714e+01,2.194250e-07,
3.989998e+00,-9.573296e-01,2.888140e-01,1.031969e-02,8.160606e+01,2.956425e-01,2.133520e-02,2.046379e+00,5.976480e+01,-3.659196e+01,2.191813e-07,
4.019998e+00,-9.555927e-01,2.942864e-01,1.543183e-02,8.144157e+01,4.421068e-01,2.220366e-02,3.001734e+00,5.958026e+01,-3.658834e+01,2.193645e-07,
4.049998e+00,-9.573685e-01,2.887420e-01,8.582579e-03,8.160835e+01,2.458758e-01,2.131577e-02,1.702561e+00,6.004735e+01,-3.660458e+01,2.185454e-07,
4.079998e+00,-9.579260e-01,2.870150e-01,4.386635e-04,8.166033e+01,1.256679e-02,2.103701e-02,8.756876e-02,5.957412e+01,-3.659286e+01,2.191361e-07,
4.109998e+00,-9.569292e-01,2.903097e-01,2.595159e-03,8.156172e+01,7.434592e-02,2.153539e-02,5.121693e-01,5.982899e+01,-3.659559e+01,2.189987e-07,
4.139998e+00,-9.569829e-01,2.898779e-01,1.242959e-02,8.157401e+01,3.560908e-01,2.150855e-02,2.455265e+00,5.983618e+01,-3.659342e+01,2.191080e-07,
4.169998e+00,-9.555340e-01,2.945224e-01,1.453865e-02,8.143462e+01,4.165163e-01,2.223301e-02,2.826025e+00,5.967798e+01,-3.659113e+01,2.192232e-07,
4.199998e+00,-9.574447e-01,2.885478e-01,6.307214e-03,8.161431e+01,1.806896e-01,2.127764e-02,1.252199e+00,5.989533e+01,-3.659884e+01,2.188347e-07,
4.229998e+00,-9.579280e-01,2.870073e-01,-8.982081e-04,8.166056e+01,-2.573177e-02,2.103601e-02,-1.793103e-01,5.927706e+01,-3.658477e+01,2.195446e-07,
4.259998e+00,-9.564854e-01,2.917686e-01,2.620048e-03,8.151804e+01,7.505894e-02,2.175732e-02,5.144957e-01,5.973698e+01,-3.659364e+01,2.190969e-07,
4.289998e+00,-9.570491e-01,2.896799e-01,1.193899e-02,8.157999e+01,3.420349e-01,2.147543e-02,2.360076e+00,5.969318e+01,-3.659393e+01,2.190823e-07,
4.319998e+00,-9.557954e-01,2.936503e-01,1.498727e-02,8.146070e+01,4.293696e-01,2.210229e-02,2.921715e+00,5.963645e+01,-3.659041e+01,2.192599e-07,
4.349998e+00,-9.560451e-01,2.930408e-01,1.024223e-02,8.147949e+01,2.934235e-01,2.197747e-02,2.001762e+00,6.013233e+01,-3.660095e+01,2.187286e-07,
4.379998e+00,-9.589766e-01,2.834802e-01,1.720742e-03,8.176598e+01,4.929565e-02,2.051172e-02,3.477846e-01,5.966642e+01,-3.659707e+01,2.189240e-07,
4.409998e+00,-9.569783e-01,2.901593e-01,-1.911582e-04,8.156625e+01,-5.476279e-03,2.151083e-02,-3.774670e-02,5.941670e+01,-3.658713e+01,2.194253e-07,
4.439998e+00,-9.571091e-01,2.896156e-01,8.063451e-03,8.158224e+01,2.310034e-01,2.144547e-02,1.594812e+00,5.971437e+01,-3.659056e+01,2.192521e-07,
4.469998e+00,-9.561316e-01,2.925270e-01,1.550265e-02,8.149429e+01,4.441359e-01,2.193421e-02,3.033587e+00,5.946206e+01,-3.658469e+01,2.195489e-07,
4.499998e+00,-9.559615e-01,2.932467e-01,1.199702e-02,8.147315e+01,3.436974e-01,2.201923e-02,2.342721e+00,5.987766e+01,-3.659630e+01,2.189626e-07,
4.529998e+00,-9.584402e-01,2.852834e-01,2.385224e-03,8.171208e+01,6.833169e-02,2.077988e-02,4.790327e-01,5.968012e+01,-3.659519e+01,2.190188e-07,
4.559998e+00,-9.569399e-01,2.902851e-01,-7.267005e-04,8.156248e+01,-2.081844e-02,2.153004e-02,-1.434341e-01,5.944974e+01,-3.658793e+01,2.193849e-07,
4.589998e+00,-9.571515e-01,2.894891e-01,7.561250e-03,8.158607e+01,2.166159e-01,2.142427e-02,1.496185e+00,5.975754e+01,-3.659271e+01,2.191438e-07,
4.619998e+00,-9.568905e-01,2.900584e-01,1.505800e-02,8.156829e+01,4.313961e-01,2.155476e-02,2.971767e+00,5.971635e+01,-3.659367e+01,2.190954e-07,
4.649998e+00,-9.559502e-01,2.932995e-01,1.160497e-02,8.147161e+01,3.324655e-01,2.202491e-02,2.265839e+00,5.999492e+01,-3.659758e+01,2.188979e-07,
4.679998e+00,-9.584028e-01,2.854114e-01,2.080638e-03,8.170826e+01,5.960592e-02,2.079859e-02,4.176765e-01,5.950837e+01,-3.659255e+01,2.191516e-07,
4.709997e+00,-9.569291e-01,2.903214e-01,-3.776735e-04,8.156140e+01,-1.081955e-02,2.153543e-02,-7.453493e-02,5.954427e+01,-3.658993e+01,2.192839e-07,
4.739997e+00,-9.569390e-01,2.901629e-01,8.554250e-03,8.156583e+01,2.450642e-01,2.153049e-02,1.688639e+00,5.964737e+01,-3.659359e+01,2.190992e-07,
4.769997e+00,-9.563658e-01,2.917909e-01,1.491906e-02,8.151643e+01,4.274154e-01,2.181711e-02,2.926944e+00,5.940805e+01,-3.658892e+01,2.193350e-07,
4.799997e+00,-9.567987e-01,2.905871e-01,9.764042e-03,8.155303e+01,2.797236e-01,2.160063e-02,1.924477e+00,5.992423e+01,-3.660004e+01,2.187741e-07,
4.829997e+00,-9.585840e-01,2.848063e-01,1.466087e-03,8.172636e+01,4.200032e-02,2.070801e-02,2.949369e-01,5.974752e+01,-3.659830e+01,2.188617e-07,
4.859997e+00,-9.567041e-01,2.910616e-01,6.085845e-04,8.153924e+01,1.743466e-02,2.164793e-02,1.198003e-01,5.965557e+01,-3.659273e+01,2.191429e-07,
4.889997e+00,-9.563450e-01,2.920370e-01,1.088813e-02,8.150951e+01,3.119281e-01,2.182749e-02,2.135192e+00,5.958119e+01,-3.659163e+01,2.191984e-07,
4.919997e+00,-9.561443e-01,2.924958e-01,1.530755e-02,8.149525e+01,4.385462e-01,2.192787e-02,2.995799e+00,5.957296e+01,-3.659039e+01,2.192608e-07,
4.949997e+00,-9.560974e-01,2.929082e-01,9.082534e-03,8.148357e+01,2.601990e-01,2.195128e-02,1.776066e+00,5.994407e+01,-3.660027e+01,2.187624e-07,
4.979997e+00,-9.583079e-01,2.857363e-01,8.574322e-04,8.169856e+01,2.456363e-02,2.084606e-02,1.719316e-01,5.949081e+01,-3.659160e+01,2.191995e-07,
5.009997e+00,-9.573922e-01,2.887909e-01,1.558992e-04,8.160721e+01,4.466183e-03,2.130391e-02,3.093022e-02,5.957095e+01,-3.659101e+01,2.192295e-07,
5.039997e+00,-9.575244e-01,2.881916e-01,9.622761e-03,8.162474e+01,2.756760e-01,2.123779e-02,1.912404e+00,5.977358e+01,-3.659652e+01,2.189513e-07,
5.069997e+00,-9.558634e-01,2.933979e-01,1.558327e-02,8.146819e+01,4.464457e-01,2.206830e-02,3.040298e+00,5.954815e+01,-3.659071e+01,2.192446e-07,
5.099997e+00,-9.571908e-01,2.892920e-01,9.787824e-03,8.159180e+01,2.804050e-01,2.140458e-02,1.937790e+00,6.009316e+01,-3.660311e+01,2.186193e-07,
5.129997e+00,-9.580226e-01,2.866909e-01,1.038649e-03,8.167002e+01,2.975510e-02,2.098871e-02,2.075752e-01,5.952784e+01,-3.659436e+01,2.190606e-07,
5.159997e+00,-9.566984e-01,2.910801e-01,6.974695e-04,8.153868e+01,1.998103e-02,2.165079e-02,1.372886e-01,5.952089e+01,-3.658993e+01,2.192838e-07,
5.189997e+00,-9.573188e-01,2.889079e-01,8.536492e-03,8.160339e+01,2.445555e-01,2.134058e-02,1.692452e+00,5.969872e+01,-3.659542e+01,2.190069e-07,
5.219997e+00,-9.563443e-01,2.918068e-01,1.595100e-02,8.151581e+01,4.569819e-01,2.182787e-02,3.128838e+00,5.963625e+01,-3.659427e+01,2.190650e-07,
5.249997e+00,-9.572208e-01,2.891587e-01,1.075164e-02,8.159570e+01,3.080178e-01,2.138960e-02,2.129419e+00,5.988658e+01,-3.659805e+01,2.188746e-07,
5.279997e+00,-9.578608e-01,2.872235e-01,2.329742e-03,8.165408e+01,6.674226e-02,2.106962e-02,4.647304e-01,5.975775e+01,-3.659561e+01,2.189975e-07,
5.309997e+00,-9.566034e-01,2.913925e-01,-5.381443e-04,8.152933e+01,-1.541670e-02,2.169829e-02,-1.058138e-01,5.944347e+01,-3.658574e+01,2.194958e-07,
5.339997e+00,-9.564924e-01,2.916772e-01,6.832615e-03,8.152060e+01,1.957415e-01,2.175379e-02,1.341923e+00,5.968445e+01,-3.658879e+01,2.193417e-07,
5.369997e+00,-9.568167e-01,2.903621e-01,1.384309e-02,8.155935e+01,3.965881e-01,2.159164e-02,2.729526e+00,5.944610e+01,-3.658723e+01,2.194206e-07,
5.399997e+00,-9.556285e-01,2.942815e-01,1.313349e-02,8.144201e+01,3.762574e-01,2.218573e-02,2.555357e+00,5.974345e+01,-3.659345e+01,2.191064e-07,
5.429997e+00,-9.580410e-01,2.865899e-01,4.869829e-03,8.167294e+01,1.395109e-01,2.097952e-02,9.734947e-01,5.974751e+01,-3.659663e+01,2.189459e-07,
5.459997e+00,-9.578364e-01,2.873140e-01,8.302414e-05,8.165139e+01,2.378467e-03,2.108178e-02,1.655656e-02,5.942995e+01,-3.658907e+01,2.193272e-07,
5.489997e+00,-9.567801e-01,2.907712e-01,4.900430e-03,8.154783e+01,1.403875e-01,2.160997e-02,9.655267e-01,5.995655e+01,-3.659860e+01,2.188468e-07,
5.519997e+00,-9.566067e-01,2.910667e-01,1.356050e-02,8.153828e+01,3.884915e-01,2.169667e-02,2.667422e+00,5.950204e+01,-3.658971e+01,2.192950e-07,
5.549997e+00,-9.557142e-01,2.940234e-01,1.267216e-02,8.144980e+01,3.630404e-01,2.214290e-02,2.467872e+00,5.978861e+01,-3.659562e+01,2.189967e-07,
5.579997e+00,-9.581408e-01,2.862721e-01,3.815102e-03,8.168249e+01,1.092949e-01,2.092961e-02,7.635266e-01,5.974538e+01,-3.659661e+01,2.189469e-07,
5.609997e+00,-9.578207e-01,2.873641e-01,-1.199968e-03,8.164989e+01,-3.437656e-02,2.108966e-02,-2.392530e-01,5.940299e+01,-3.658677e+01,2.194438e-07,
5.639997e+00,-9.569727e-01,2.900980e-01,6.807101e-03,8.156789e+01,1.950106e-01,2.151364e-02,1.344189e+00,5.979173e+01,-3.659464e+01,2.190462e-07,
5.669997e+00,-9.563165e-01,2.919309e-01,1.533208e-02,8.151218e+01,4.392489e-01,2.184174e-02,3.006386e+00,5.949930e+01,-3.658600e+01,2.194824e-07,
5.699997e+00,-9.563963e-01,2.918572e-01,1.119840e-02,8.151486e+01,3.208173e-01,2.180183e-02,2.197330e+00,6.023948e+01,-3.659950e+01,2.188014e-07,
5.729997e+00,-9.578824e-01,2.871563e-01,1.594523e-03,8.165610e+01,4.567974e-02,2.105879e-02,3.181491e-01,5.953159e+01,-3.659158e+01,2.192007e-07,
5.759997e+00,-9.569113e-01,2.903794e-01,7.377129e-04,8.155966e+01,2.113392e-02,2.154434e-02,1.455604e-01,5.958182e+01,-3.658783e+01,2.193903e-07,
5.789997e+00,-9.569638e-01,2.900388e-01,9.886189e-03,8.156944e+01,2.832231e-01,2.151809e-02,1.952213e+00,5.968140e+01,-3.658902e+01,2.193300e-07,
5.819997e+00,-9.559635e-01,2.930827e-01,1.537547e-02,8.147766e+01,4.404921e-01,2.201827e-02,3.003052e+00,5.951503e+01,-3.658596e+01,2.194845e-07,
5.849997e+00,-9.561259e-01,2.927854e-01,1.000001e-02,8.148717e+01,2.864839e-01,2.193706e-02,1.956162e+00,6.006122e+01,-3.659697e+01,2.189286e-07,
5.879997e+00,-9.581317e-01,2.863238e-01,1.532780e-03,8.168099e+01,4.391094e-02,2.093416e-02,3.067192e-01,5.949642e+01,-3.658910e+01,2.193261e-07,
5.909997e+00,-9.569861e-01,2.901338e-01,-2.582700e-04,8.156702e+01,-7.398890e-03,2.150697e-02,-5.100328e-02,5.951003e+01,-3.658665e+01,2.194496e-07,
5.939997e+00,-9.569219e-01,2.902830e-01,6.028612e-03,8.156239e+01,1.727080e-01,2.153907e-02,1.189751e+00,5.977781e+01,-3.659367e+01,2.190952e-07,
5.969997e+00,-9.567355e-01,2.906344e-01,1.374294e-02,8.155121e+01,3.937186e-01,2.163226e-02,2.707272e+00,5.960060e+01,-3.658577e+01,2.194940e-07,
5.999997e+00,-9.558610e-01,2.935208e-01,1.323916e-02,8.146480e+01,3.792852e-01,2.206950e-02,2.582558e+00,5.977199e+01,-3.659035e+01,2.192627e-07,
6.029997e+00,-9.577938e-01,2.873936e-01,5.995740e-03,8.164886e+01,1.717663e-01,2.110309e-02,1.195158e+00,5.981376e+01,-3.659616e+01,2.189695e-07,
6.059997e+00,-9.576969e-01,2.877777e-01,-8.092630e-04,8.163752e+01,-2.318368e-02,2.115155e-02,-1.611217e-01,5.936810e+01,-3.658725e+01,2.194196e-07,
6.089997e+00,-9.569000e-01,2.903882e-01,4.143927e-03,8.155933e+01,1.187151e-01,2.155002e-02,8.175726e-01,5.975178e+01,-3.659057e+01,2.192518e-07,
6.119997e+00,-9.572556e-01,2.889489e-01,1.304997e-02,8.160175e+01,3.738647e-01,2.137221e-02,2.585926e+00,5.955484e+01,-3.658752e+01,2.194057e-07,
6.149997e+00,-9.554837e-01,2.946649e-01,1.494808e-02,8.143029e+01,4.282469e-01,2.225814e-02,2.904073e+00,5.966939e+01,-3.658703e+01,2.194305e-07,
6.179997e+00,-9.568053e-01,2.906453e-01,6.992439e-03,8.155149e+01,2.003203e-01,2.159734e-02,1.378175e+00,6.001463e+01,-3.659474e+01,2.190413e-07,
6.209997e+00,-9.577696e-01,2.875353e-01,9.462606e-04,8.164477e+01,2.710837e-02,2.111522e-02,1.885561e-01,5.973254e+01,-3.659051e+01,2.192547e-07,
6.239997e+00,-9.561786e-01,2.927829e-01,8.655141e-04,8.148768e+01,2.479516e-02,2.191072e-02,1.693752e-01,5.964108e+01,-3.658700e+01,2.194319e-07,
6.269997e+00,-9.571308e-01,2.895037e-01,9.388505e-03,8.158549e+01,2.689648e-01,2.143458e-02,1.857431e+00,5.951623e+01,-3.658562e+01,2.195019e-07,
6.299997e+00,-9.563033e-01,2.919572e-01,1.565046e-02,8.151134e+01,4.483708e-01,2.184834e-02,3.068421e+00,5.945078e+01,-3.658466e+01,2.195501e-07,
6.329997e+00,-9.560602e-01,2.929586e-01,1.114198e-02,8.148187e+01,3.192008e-01,2.196989e-02,2.178058e+00,5.994440e+01,-3.659467e+01,2.190450e-07,
6.359997e+00,-9.583214e-01,2.856842e-01,2.145255e-03,8.170010e+01,6.145709e-02,2.083930e-02,4.302365e-01,5.988705e+01,-3.659464e+01,2.190464e-07,
6.389997e+00,-9.565436e-01,2.915892e-01,-1.519955e-04,8.152344e+01,-4.354351e-03,2.172819e-02,-2.986633e-02,5.943086e+01,-3.658376e+01,2.195957e-07,
6.419997e+00,-9.573752e-01,2.887493e-01,7.526021e-03,8.160821e+01,2.156067e-01,2.131242e-02,1.493031e+00,5.975851e+01,-3.658997e+01,2.192821e-07,
6.449997e+00,-9.565668e-01,2.911462e-01,1.462269e-02,8.153577e+01,4.189241e-01,2.171659e-02,2.875240e+00,5.951078e+01,-3.658871e+01,2.193457e-07,
6.479997e+00,-9.558321e-01,2.936727e-01,1.188982e-02,8.146040e+01,3.406262e-01,2.208396e-02,2.318446e+00,5.984068e+01,-3.659309e+01,2.191247e-07,
6.509997e+00,-9.582019e-01,2.860727e-01,3.382499e-03,8.168846e+01,9.690165e-02,2.089903e-02,6.774288e-01,5.965121e+01,-3.659260e+01,2.191491e-07,
6.539997e+00,-9.566667e-01,2.911849e-01,-2.867582e-04,8.153555e+01,-8.215018e-03,2.166663e-02,-5.642473e-02,5.952109e+01,-3.658477e+01,2.195446e-07,
6.569996e+00,-9.573418e-01,2.889248e-01,4.373260e-03,8.160312e+01,1.252851e-01,2.132910e-02,8.671813e-01,5.972831e+01,-3.659070e+01,2.192453e-07,
6.599996e+00,-9.571476e-01,2.892523e-01,1.419953e-02,8.159253e+01,4.068002e-01,2.142621e-02,2.810420e+00,5.953105e+01,-3.658831e+01,2.193658e-07,
6.629996e+00,-9.552499e-01,2.955121e-01,1.304778e-02,8.140512e+01,3.738020e-01,2.237506e-02,2.528145e+00,5.995413e+01,-3.659550e+01,2.190030e-07,
6.659996e+00,-9.585447e-01,2.849218e-01,3.401868e-03,8.172286e+01,9.745654e-02,2.072764e-02,6.840593e-01,5.997260e+01,-3.660016e+01,2.187681e-07,
6.689996e+00,-9.568938e-01,2.904375e-01,-5.073787e-04,8.155792e+01,-1.453533e-02,2.155309e-02,-1.000925e-01,5.969826e+01,-3.659151e+01,2.192042e-07,
6.719996e+00,-9.573011e-01,2.890174e-01,6.600854e-03,8.160024e+01,1.891019e-01,2.134946e-02,1.308348e+00,5.972558e+01,-3.659235e+01,2.191621e-07,
6.749996e+00,-9.565904e-01,2.910601e-01,1.479549e-02,8.153833e+01,4.238752e-01,2.170482e-02,2.910019e+00,5.956204e+01,-3.658901e+01,2.193304e-07,
6.779996e+00,-9.565655e-01,2.912930e-01,1.143380e-02,8.153174e+01,3.275613e-01,2.171723e-02,2.247813e+00,5.987678e+01,-3.659608e+01,2.189735e-07,
6.809996e+00,-9.586616e-01,2.845379e-01,2.489095e-03,8.173436e+01,7.130741e-02,2.066922e-02,5.012022e-01,5.968861e+01,-3.659436e+01,2.190605e-07,
6.839996e+00,-9.568491e-01,2.905851e-01,-2.485139e-04,8.155350e+01,-7.119399e-03,2.157544e-02,-4.900043e-02,5.952733e+01,-3.658808e+01,2.193776e-07,
6.869996e+00,-9.573501e-01,2.887907e-01,8.981440e-03,8.160686e+01,2.573028e-01,2.132494e-02,1.781334e+00,5.990053e+01,-3.659576e+01,2.189900e-07,
6.899996e+00,-9.553781e-01,2.949949e-01,1.518669e-02,8.142036e+01,4.350834e-01,2.231093e-02,2.947054e+00,5.946813e+01,-3.658803e+01,2.193800e-07,
6.929996e+00,-9.564468e-01,2.917343e-01,1.003080e-02,8.151865e+01,2.873662e-01,2.177660e-02,1.969245e+00,6.005964e+01,-3.660127e+01,2.187121e-07,
6.959996e+00,-9.587231e-01,2.843364e-01,1.669015e-03,8.174039e+01,4.781379e-02,2.063844e-02,3.363144e-01,5.955907e+01,-3.659252e+01,2.191535e-07,
6.989996e+00,-9.565591e-01,2.915302e-01,2.176071e-03,8.152518e+01,6.233989e-02,2.172043e-02,4.276653e-01,5.942411e+01,-3.658593e+01,2.194860e-07,
7.019996e+00,-9.571417e-01,2.894071e-01,1.110340e-02,8.158823e+01,3.180955e-01,2.142915e-02,2.197133e+00,5.962439e+01,-3.658928e+01,2.193170e-07,
7.049996e+00,-9.564431e-01,2.915778e-01,1.410351e-02,8.152291e+01,4.040492e-01,2.177843e-02,2.769217e+00,5.953823e+01,-3.659043e+01,2.192586e-07,
7.079996e+00,-9.565251e-01,2.915337e-01,8.236749e-03,8.152480e+01,2.359682e-01,2.173746e-02,1.618356e+00,5.995926e+01,-3.659967e+01,2.187927e-07,
7.109996e+00,-9.580833e-01,2.864897e-01,7.676305e-05,8.167604e+01,2.199099e-03,2.095835e-02,1.535203e-02,5.953681e+01,-3.659217e+01,2.191711e-07,
7.139996e+00,-9.566159e-01,2.913498e-01,1.111670e-03,8.153060e+01,3.184700e-02,2.169204e-02,2.186158e-01,5.961218e+01,-3.659225e+01,2.191667e-07,
7.169996e+00,-9.567903e-01,2.906307e-01,9.277421e-03,8.155177e+01,2.657824e-01,2.160484e-02,1.828357e+00,5.969367e+01,-3.659438e+01,2.190593e-07,
7.199996e+00,-9.563897e-01,2.916887e-01,1.537745e-02,8.151942e+01,4.405487e-01,2.180516e-02,3.017764e+00,5.950273e+01,-3.658853e+01,2.193550e-07,
7.229996e+00,-9.563804e-01,2.919465e-01,1.018951e-02,8.151228e+01,2.919131e-01,2.180981e-02,1.998925e+00,6.001301e+01,-3.659688e+01,2.189335e-07,
7.259996e+00,-9.582121e-01,2.860501e-01,2.227429e-03,8.168916e+01,6.381120e-02,2.089397e-02,4.461445e-01,5.970577e+01,-3.659362e+01,2.190976e-07,
7.289996e+00,-9.568347e-01,2.906325e-01,3.323964e-04,8.155209e+01,9.522456e-03,2.158265e-02,6.552916e-02,5.949924e+01,-3.658770e+01,2.193967e-07,
7.319996e+00,-9.567700e-01,2.907657e-01,6.814190e-03,8.154790e+01,1.952137e-01,2.161498e-02,1.342500e+00,5.961249e+01,-3.658757e+01,2.194031e-07,
7.349996e+00,-9.564696e-01,2.914289e-01,1.533223e-02,8.152721e+01,4.392533e-01,2.176519e-02,3.011586e+00,5.961561e+01,-3.658650e+01,2.194571e-07,
7.379996e+00,-9.551928e-01,2.957097e-01,1.274806e-02,8.139923e+01,3.652150e-01,2.240360e-02,2.468496e+00,5.977043e+01,-3.658964e+01,2.192986e-07,
7.409996e+00,-9.585081e-01,2.850421e-01,3.625812e-03,8.171926e+01,1.038721e-01,2.074593e-02,7.287784e-01,5.983585e+01,-3.659429e+01,2.190641e-07,
7.439996e+00,-9.567010e-01,2.910687e-01,-1.480925e-03,8.153902e+01,-4.242539e-02,2.164949e-02,-2.915120e-01,5.938708e+01,-3.658232e+01,2.196688e-07,
7.469996e+00,-9.565810e-01,2.914247e-01,4.936459e-03,8.152826e+01,1.414197e-01,2.170948e-02,9.704436e-01,5.977499e+01,-3.658920e+01,2.193209e-07,
7.499996e+00,-9.570713e-01,2.895288e-01,1.369707e-02,8.158431e+01,3.924045e-01,2.146436e-02,2.708538e+00,5.956826e+01,-3.658469e+01,2.195490e-07,
7.529996e+00,-9.562969e-01,2.920878e-01,1.345580e-02,8.150771e+01,3.854918e-01,2.185157e-02,2.637617e+00,5.970713e+01,-3.658754e+01,2.194049e-07,
7.559996e+00,-9.578423e-01,2.872571e-01,4.628208e-03,8.165300e+01,1.325889e-01,2.107884e-02,9.230540e-01,5.985595e+01,-3.659470e+01,2.190435e-07,
7.589996e+00,-9.580552e-01,2.865828e-01,-7.656585e-04,8.167326e+01,-2.193450e-02,2.097241e-02,-1.530758e-01,5.954840e+01,-3.658918e+01,2.193219e-07,
7.619996e+00,-9.572036e-01,2.893563e-01,5.845119e-03,8.159014e+01,1.674513e-01,2.139819e-02,1.157242e+00,5.959090e+01,-3.658808e+01,2.193775e-07,
7.649996e+00,-9.563653e-01,2.918394e-01,1.397331e-02,8.151509e+01,4.003189e-01,2.181737e-02,2.741236e+00,5.950099e+01,-3.658514e+01,2.195261e-07,
7.679996e+00,-9.557729e-01,2.938022e-01,1.335775e-02,8.145635e+01,3.826826e-01,2.211355e-02,2.603166e+00,5.959444e+01,-3.658695e+01,2.194345e-07,
7.709996e+00,-9.574946e-01,2.883793e-01,6.436714e-03,8.161935e+01,1.843995e-01,2.125268e-02,1.278647e+00,5.998629e+01,-3.659519e+01,2.190187e-07,
7.739996e+00,-9.578887e-01,2.871373e-01,-1.173360e-03,8.165667e+01,-3.361430e-02,2.105564e-02,-2.341326e-01,5.942437e+01,-3.658384e+01,2.195918e-07,
7.769996e+00,-9.566621e-01,2.911882e-01,2.647742e-03,8.153542e+01,7.585231e-02,2.166894e-02,5.209698e-01,5.978151e+01,-3.658864e+01,2.193492e-07,
7.799996e+00,-9.571550e-01,2.893305e-01,1.192460e-02,8.159045e+01,3.416228e-01,2.142250e-02,2.360080e+00,5.969908e+01,-3.658942e+01,2.193098e-07,
7.829996e+00,-9.559805e-01,2.930444e-01,1.504158e-02,8.147885e+01,4.309258e-01,2.200975e-02,2.938337e+00,5.957957e+01,-3.658957e+01,2.193024e-07,
7.859996e+00,-9.566109e-01,2.912250e-01,9.145818e-03,8.153398e+01,2.620120e-01,2.169456e-02,1.798763e+00,6.001308e+01,-3.660071e+01,2.187402e-07,
7.889996e+00,-9.581477e-01,2.862719e-01,1.156203e-03,8.168255e+01,3.312280e-02,2.092614e-02,2.314066e-01,5.958558e+01,-3.659291e+01,2.191334e-07,
7.919996e+00,-9.565276e-01,2.916420e-01,6.487771e-05,8.152186e+01,1.858610e-03,2.173622e-02,1.274583e-02,5.962593e+01,-3.658947e+01,2.193071e-07,
7.949996e+00,-9.571179e-01,2.895983e-01,7.620834e-03,8.158279e+01,2.183229e-01,2.144103e-02,1.507401e+00,5.988239e+01,-3.659395e+01,2.190811e-07,
7.979996e+00,-9.567036e-01,2.906634e-01,1.526214e-02,8.155015e+01,4.372451e-01,2.164818e-02,3.005724e+00,5.943377e+01,-3.658595e+01,2.194849e-07,
8.009996e+00,-9.562032e-01,2.924721e-01,1.163948e-02,8.149640e+01,3.334540e-01,2.189839e-02,2.278991e+00,5.989961e+01,-3.659752e+01,2.189010e-07,
8.039996e+00,-9.583523e-01,2.855814e-01,2.040750e-03,8.170318e+01,5.846323e-02,2.082387e-02,4.094257e-01,5.958155e+01,-3.659469e+01,2.190437e-07,
8.069996e+00,-9.570725e-01,2.898481e-01,-5.277030e-04,8.157557e+01,-1.511758e-02,2.146373e-02,-1.043137e-01,5.958790e+01,-3.659096e+01,2.192319e-07,
